idna_subject,checker_type,destination,source,tested_at,session_id
2.58.176.0,AVAILABILITY,domains.list,domains.list,2021-03-26 12:45:38.074060,3525fc4ac1e9f8067eaed39a
3.90.198.217,AVAILABILITY,domains.list,domains.list,2021-03-26 12:45:38.537223,3525fc4ac1e9f8067eaed39a
5.63.155.65,AVAILABILITY,domains.list,domains.list,2021-03-26 12:45:39.610350,3525fc4ac1e9f8067eaed39a
5.157.84.170,AVAILABILITY,domains.list,domains.list,2021-03-26 12:45:40.407315,3525fc4ac1e9f8067eaed39a
5.180.102.147,AVAILABILITY,domains.list,domains.list,2021-03-26 12:45:41.312303,3525fc4ac1e9f8067eaed39a
18.213.250.117,AVAILABILITY,domains.list,domains.list,2021-03-26 12:45:42.568492,3525fc4ac1e9f8067eaed39a
18.215.128.143,AVAILABILITY,domains.list,domains.list,2021-03-26 12:45:42.834774,3525fc4ac1e9f8067eaed39a
18.218.40.17,AVAILABILITY,domains.list,domains.list,2021-03-26 12:45:43.127668,3525fc4ac1e9f8067eaed39a
18.224.184.93,AVAILABILITY,domains.list,domains.list,2021-03-26 12:45:43.430994,3525fc4ac1e9f8067eaed39a
23.227.38.65,AVAILABILITY,domains.list,domains.list,2021-03-26 12:45:45.288488,3525fc4ac1e9f8067eaed39a
23.229.213.5,AVAILABILITY,domains.list,domains.list,2021-03-26 12:45:45.536288,3525fc4ac1e9f8067eaed39a
23.236.62.147,AVAILABILITY,domains.list,domains.list,2021-03-26 12:45:46.107976,3525fc4ac1e9f8067eaed39a
31.11.32.144,AVAILABILITY,domains.list,domains.list,2021-03-26 12:45:48.149607,3525fc4ac1e9f8067eaed39a
31.186.169.41,AVAILABILITY,domains.list,domains.list,2021-03-26 12:45:49.471522,3525fc4ac1e9f8067eaed39a
31.217.192.121,AVAILABILITY,domains.list,domains.list,2021-03-26 12:45:53.185998,3525fc4ac1e9f8067eaed39a
34.197.76.50,AVAILABILITY,domains.list,domains.list,2021-03-26 12:45:53.837783,3525fc4ac1e9f8067eaed39a
34.206.12.234,AVAILABILITY,domains.list,domains.list,2021-03-26 12:45:54.083237,3525fc4ac1e9f8067eaed39a
34.225.182.233,AVAILABILITY,domains.list,domains.list,2021-03-26 12:45:54.343914,3525fc4ac1e9f8067eaed39a
35.169.58.188,AVAILABILITY,domains.list,domains.list,2021-03-26 12:46:05.021345,3525fc4ac1e9f8067eaed39a
35.186.238.101,AVAILABILITY,domains.list,domains.list,2021-03-26 12:46:05.355098,3525fc4ac1e9f8067eaed39a
35.187.36.248,AVAILABILITY,domains.list,domains.list,2021-03-26 12:46:05.657214,3525fc4ac1e9f8067eaed39a
35.209.70.88,AVAILABILITY,domains.list,domains.list,2021-03-26 12:46:05.979559,3525fc4ac1e9f8067eaed39a
35.214.186.61,AVAILABILITY,domains.list,domains.list,2021-03-26 12:46:06.391996,3525fc4ac1e9f8067eaed39a
35.224.11.86,AVAILABILITY,domains.list,domains.list,2021-03-26 12:46:06.785000,3525fc4ac1e9f8067eaed39a
35.226.69.129,AVAILABILITY,domains.list,domains.list,2021-03-26 12:46:07.201754,3525fc4ac1e9f8067eaed39a
37.152.88.55,AVAILABILITY,domains.list,domains.list,2021-03-26 12:46:10.892731,3525fc4ac1e9f8067eaed39a
43.225.128.0,AVAILABILITY,domains.list,domains.list,2021-03-26 12:46:14.440279,3525fc4ac1e9f8067eaed39a
45.33.2.79,AVAILABILITY,domains.list,domains.list,2021-03-26 12:46:24.258988,3525fc4ac1e9f8067eaed39a
45.33.23.183,AVAILABILITY,domains.list,domains.list,2021-03-26 12:46:24.530173,3525fc4ac1e9f8067eaed39a
45.56.79.23,AVAILABILITY,domains.list,domains.list,2021-03-26 12:46:25.510200,3525fc4ac1e9f8067eaed39a
45.77.226.209,AVAILABILITY,domains.list,domains.list,2021-03-26 12:46:37.049410,3525fc4ac1e9f8067eaed39a
45.79.19.196,AVAILABILITY,domains.list,domains.list,2021-03-26 12:46:37.533064,3525fc4ac1e9f8067eaed39a
45.80.248.0,AVAILABILITY,domains.list,domains.list,2021-03-26 12:46:41.417973,3525fc4ac1e9f8067eaed39a
46.28.105.107,AVAILABILITY,domains.list,domains.list,2021-03-26 12:46:48.152823,3525fc4ac1e9f8067eaed39a
46.30.215.126,AVAILABILITY,domains.list,domains.list,2021-03-26 12:46:50.025858,3525fc4ac1e9f8067eaed39a
46.30.215.145,AVAILABILITY,domains.list,domains.list,2021-03-26 12:46:50.600537,3525fc4ac1e9f8067eaed39a
46.30.215.194,AVAILABILITY,domains.list,domains.list,2021-03-26 12:46:51.259440,3525fc4ac1e9f8067eaed39a
46.242.242.252,AVAILABILITY,domains.list,domains.list,2021-03-26 12:46:56.867747,3525fc4ac1e9f8067eaed39a
46.249.43.105,AVAILABILITY,domains.list,domains.list,2021-03-26 12:46:57.249927,3525fc4ac1e9f8067eaed39a
49.156.160.0,AVAILABILITY,domains.list,domains.list,2021-03-26 12:46:58.240808,3525fc4ac1e9f8067eaed39a
52.0.217.44,AVAILABILITY,domains.list,domains.list,2021-03-26 12:46:58.898139,3525fc4ac1e9f8067eaed39a
52.4.209.250,AVAILABILITY,domains.list,domains.list,2021-03-26 12:46:59.147164,3525fc4ac1e9f8067eaed39a
52.58.78.16,AVAILABILITY,domains.list,domains.list,2021-03-26 12:46:59.391360,3525fc4ac1e9f8067eaed39a
52.63.118.238,AVAILABILITY,domains.list,domains.list,2021-03-26 12:46:59.642610,3525fc4ac1e9f8067eaed39a
52.218.36.4,AVAILABILITY,domains.list,domains.list,2021-03-26 12:46:59.903926,3525fc4ac1e9f8067eaed39a
52.218.98.4,AVAILABILITY,domains.list,domains.list,2021-03-26 12:47:00.150794,3525fc4ac1e9f8067eaed39a
52.218.100.36,AVAILABILITY,domains.list,domains.list,2021-03-26 12:47:00.399285,3525fc4ac1e9f8067eaed39a
54.72.11.253,AVAILABILITY,domains.list,domains.list,2021-03-26 12:47:00.700263,3525fc4ac1e9f8067eaed39a
54.88.108.200,AVAILABILITY,domains.list,domains.list,2021-03-26 12:47:00.962476,3525fc4ac1e9f8067eaed39a
54.208.77.124,AVAILABILITY,domains.list,domains.list,2021-03-26 12:47:01.376750,3525fc4ac1e9f8067eaed39a
62.97.115.37,AVAILABILITY,domains.list,domains.list,2021-03-26 12:47:04.195111,3525fc4ac1e9f8067eaed39a
62.129.200.14,AVAILABILITY,domains.list,domains.list,2021-03-26 12:47:05.181705,3525fc4ac1e9f8067eaed39a
62.149.128.72,AVAILABILITY,domains.list,domains.list,2021-03-26 12:47:05.602763,3525fc4ac1e9f8067eaed39a
62.149.128.74,AVAILABILITY,domains.list,domains.list,2021-03-26 12:47:06.200828,3525fc4ac1e9f8067eaed39a
62.149.128.151,AVAILABILITY,domains.list,domains.list,2021-03-26 12:47:06.802712,3525fc4ac1e9f8067eaed39a
62.149.128.154,AVAILABILITY,domains.list,domains.list,2021-03-26 12:47:07.222103,3525fc4ac1e9f8067eaed39a
62.149.128.157,AVAILABILITY,domains.list,domains.list,2021-03-26 12:47:07.654312,3525fc4ac1e9f8067eaed39a
62.149.128.160,AVAILABILITY,domains.list,domains.list,2021-03-26 12:47:08.078206,3525fc4ac1e9f8067eaed39a
62.149.128.163,AVAILABILITY,domains.list,domains.list,2021-03-26 12:47:08.490801,3525fc4ac1e9f8067eaed39a
62.149.128.166,AVAILABILITY,domains.list,domains.list,2021-03-26 12:47:08.898904,3525fc4ac1e9f8067eaed39a
62.149.142.219,AVAILABILITY,domains.list,domains.list,2021-03-26 12:47:09.314242,3525fc4ac1e9f8067eaed39a
64.68.200.46,AVAILABILITY,domains.list,domains.list,2021-03-26 12:47:10.617414,3525fc4ac1e9f8067eaed39a
64.135.149.51,AVAILABILITY,domains.list,domains.list,2021-03-26 12:47:11.314484,3525fc4ac1e9f8067eaed39a
64.235.41.10,AVAILABILITY,domains.list,domains.list,2021-03-26 12:47:11.872856,3525fc4ac1e9f8067eaed39a
66.29.58.119,AVAILABILITY,domains.list,domains.list,2021-03-26 12:47:12.809156,3525fc4ac1e9f8067eaed39a
66.96.149.31,AVAILABILITY,domains.list,domains.list,2021-03-26 12:47:13.120180,3525fc4ac1e9f8067eaed39a
66.175.208.22,AVAILABILITY,domains.list,domains.list,2021-03-26 12:47:13.622755,3525fc4ac1e9f8067eaed39a
67.20.112.155,AVAILABILITY,domains.list,domains.list,2021-03-26 12:47:13.942423,3525fc4ac1e9f8067eaed39a
67.59.157.51,AVAILABILITY,domains.list,domains.list,2021-03-26 12:47:14.415214,3525fc4ac1e9f8067eaed39a
68.66.216.25,AVAILABILITY,domains.list,domains.list,2021-03-26 12:47:15.324207,3525fc4ac1e9f8067eaed39a
69.15.64.241,AVAILABILITY,domains.list,domains.list,2021-03-26 12:47:16.256643,3525fc4ac1e9f8067eaed39a
69.195.124.132,AVAILABILITY,domains.list,domains.list,2021-03-26 12:47:17.489379,3525fc4ac1e9f8067eaed39a
72.26.218.83,AVAILABILITY,domains.list,domains.list,2021-03-26 12:47:18.703995,3525fc4ac1e9f8067eaed39a
74.208.215.45,AVAILABILITY,domains.list,domains.list,2021-03-26 12:47:24.403674,3525fc4ac1e9f8067eaed39a
74.208.236.219,AVAILABILITY,domains.list,domains.list,2021-03-26 12:47:26.872125,3525fc4ac1e9f8067eaed39a
74.220.199.8,AVAILABILITY,domains.list,domains.list,2021-03-26 12:47:32.371645,3525fc4ac1e9f8067eaed39a
75.5.255.185,AVAILABILITY,domains.list,domains.list,2021-03-26 12:47:32.835131,3525fc4ac1e9f8067eaed39a
77.111.240.32,AVAILABILITY,domains.list,domains.list,2021-03-26 12:47:36.683844,3525fc4ac1e9f8067eaed39a
77.111.240.52,AVAILABILITY,domains.list,domains.list,2021-03-26 12:47:43.887406,3525fc4ac1e9f8067eaed39a
78.24.9.52,AVAILABILITY,domains.list,domains.list,2021-03-26 12:47:44.626473,3525fc4ac1e9f8067eaed39a
78.46.156.194,AVAILABILITY,domains.list,domains.list,2021-03-26 12:47:45.022113,3525fc4ac1e9f8067eaed39a
78.47.106.15,AVAILABILITY,domains.list,domains.list,2021-03-26 12:47:45.556903,3525fc4ac1e9f8067eaed39a
79.170.40.236,AVAILABILITY,domains.list,domains.list,2021-03-26 12:47:46.664073,3525fc4ac1e9f8067eaed39a
81.2.194.62,AVAILABILITY,domains.list,domains.list,2021-03-26 12:47:47.218816,3525fc4ac1e9f8067eaed39a
81.2.194.128,AVAILABILITY,domains.list,domains.list,2021-03-26 12:47:47.787330,3525fc4ac1e9f8067eaed39a
81.2.194.176,AVAILABILITY,domains.list,domains.list,2021-03-26 12:47:48.192929,3525fc4ac1e9f8067eaed39a
81.169.145.68,AVAILABILITY,domains.list,domains.list,2021-03-26 12:47:48.945737,3525fc4ac1e9f8067eaed39a
81.169.145.83,AVAILABILITY,domains.list,domains.list,2021-03-26 12:47:49.719531,3525fc4ac1e9f8067eaed39a
81.169.145.84,AVAILABILITY,domains.list,domains.list,2021-03-26 12:47:50.294669,3525fc4ac1e9f8067eaed39a
81.169.145.88,AVAILABILITY,domains.list,domains.list,2021-03-26 12:48:01.269781,3525fc4ac1e9f8067eaed39a
81.169.145.93,AVAILABILITY,domains.list,domains.list,2021-03-26 12:48:07.065768,3525fc4ac1e9f8067eaed39a
81.169.145.94,AVAILABILITY,domains.list,domains.list,2021-03-26 12:48:12.843990,3525fc4ac1e9f8067eaed39a
81.169.145.105,AVAILABILITY,domains.list,domains.list,2021-03-26 12:48:13.423910,3525fc4ac1e9f8067eaed39a
81.169.145.144,AVAILABILITY,domains.list,domains.list,2021-03-26 12:48:14.009430,3525fc4ac1e9f8067eaed39a
81.169.145.159,AVAILABILITY,domains.list,domains.list,2021-03-26 12:48:15.027845,3525fc4ac1e9f8067eaed39a
81.169.145.160,AVAILABILITY,domains.list,domains.list,2021-03-26 12:48:15.424185,3525fc4ac1e9f8067eaed39a
82.98.135.43,AVAILABILITY,domains.list,domains.list,2021-03-26 12:48:16.020042,3525fc4ac1e9f8067eaed39a
82.100.220.53,AVAILABILITY,domains.list,domains.list,2021-03-26 12:48:18.187017,3525fc4ac1e9f8067eaed39a
82.112.184.197,AVAILABILITY,domains.list,domains.list,2021-03-26 12:48:19.225040,3525fc4ac1e9f8067eaed39a
82.220.91.188,AVAILABILITY,domains.list,domains.list,2021-03-26 12:48:20.168155,3525fc4ac1e9f8067eaed39a
84.38.224.155,AVAILABILITY,domains.list,domains.list,2021-03-26 12:48:20.751541,3525fc4ac1e9f8067eaed39a
85.13.129.76,AVAILABILITY,domains.list,domains.list,2021-03-26 12:48:21.791059,3525fc4ac1e9f8067eaed39a
85.13.132.239,AVAILABILITY,domains.list,domains.list,2021-03-26 12:48:22.210651,3525fc4ac1e9f8067eaed39a
85.13.158.14,AVAILABILITY,domains.list,domains.list,2021-03-26 12:48:23.273808,3525fc4ac1e9f8067eaed39a
85.114.135.128,AVAILABILITY,domains.list,domains.list,2021-03-26 12:48:23.980097,3525fc4ac1e9f8067eaed39a
85.128.185.12,AVAILABILITY,domains.list,domains.list,2021-03-26 12:48:24.462957,3525fc4ac1e9f8067eaed39a
85.236.47.218,AVAILABILITY,domains.list,domains.list,2021-03-26 12:48:25.568199,3525fc4ac1e9f8067eaed39a
86.106.105.0,AVAILABILITY,domains.list,domains.list,2021-03-26 12:48:30.133912,3525fc4ac1e9f8067eaed39a
87.98.230.60,AVAILABILITY,domains.list,domains.list,2021-03-26 12:48:33.154937,3525fc4ac1e9f8067eaed39a
88.198.56.106,AVAILABILITY,domains.list,domains.list,2021-03-26 12:48:34.342125,3525fc4ac1e9f8067eaed39a
89.31.143.1,AVAILABILITY,domains.list,domains.list,2021-03-26 12:48:35.088731,3525fc4ac1e9f8067eaed39a
89.33.134.0,AVAILABILITY,domains.list,domains.list,2021-03-26 12:48:36.800006,3525fc4ac1e9f8067eaed39a
89.33.206.0,AVAILABILITY,domains.list,domains.list,2021-03-26 12:48:38.246382,3525fc4ac1e9f8067eaed39a
89.37.129.0,AVAILABILITY,domains.list,domains.list,2021-03-26 12:48:42.367504,3525fc4ac1e9f8067eaed39a
89.46.108.57,AVAILABILITY,domains.list,domains.list,2021-03-26 12:48:47.972936,3525fc4ac1e9f8067eaed39a
89.188.24.70,AVAILABILITY,domains.list,domains.list,2021-03-26 12:48:48.637458,3525fc4ac1e9f8067eaed39a
91.121.59.137,AVAILABILITY,domains.list,domains.list,2021-03-26 12:48:49.537922,3525fc4ac1e9f8067eaed39a
91.121.154.229,AVAILABILITY,domains.list,domains.list,2021-03-26 12:48:49.927235,3525fc4ac1e9f8067eaed39a
91.174.205.10,AVAILABILITY,domains.list,domains.list,2021-03-26 12:48:50.524683,3525fc4ac1e9f8067eaed39a
91.199.77.50,AVAILABILITY,domains.list,domains.list,2021-03-26 12:48:57.788734,3525fc4ac1e9f8067eaed39a
91.200.248.0,AVAILABILITY,domains.list,domains.list,2021-03-26 12:49:00.110037,3525fc4ac1e9f8067eaed39a
91.223.145.130,AVAILABILITY,domains.list,domains.list,2021-03-26 12:49:01.465815,3525fc4ac1e9f8067eaed39a
92.43.203.171,AVAILABILITY,domains.list,domains.list,2021-03-26 12:49:08.735377,3525fc4ac1e9f8067eaed39a
92.53.96.22,AVAILABILITY,domains.list,domains.list,2021-03-26 12:49:09.170199,3525fc4ac1e9f8067eaed39a
92.61.39.239,AVAILABILITY,domains.list,domains.list,2021-03-26 12:49:10.838714,3525fc4ac1e9f8067eaed39a
93.89.19.124,AVAILABILITY,domains.list,domains.list,2021-03-26 12:49:11.854883,3525fc4ac1e9f8067eaed39a
93.185.103.42,AVAILABILITY,domains.list,domains.list,2021-03-26 12:49:16.664132,3525fc4ac1e9f8067eaed39a
94.130.109.30,AVAILABILITY,domains.list,domains.list,2021-03-26 12:49:17.508023,3525fc4ac1e9f8067eaed39a
94.152.8.56,AVAILABILITY,domains.list,domains.list,2021-03-26 12:49:18.161652,3525fc4ac1e9f8067eaed39a
94.229.72.116,AVAILABILITY,domains.list,domains.list,2021-03-26 12:49:18.757054,3525fc4ac1e9f8067eaed39a
94.229.72.123,AVAILABILITY,domains.list,domains.list,2021-03-26 12:49:19.408255,3525fc4ac1e9f8067eaed39a
96.30.52.60,AVAILABILITY,domains.list,domains.list,2021-03-26 12:49:20.288382,3525fc4ac1e9f8067eaed39a
96.126.123.244,AVAILABILITY,domains.list,domains.list,2021-03-26 12:49:21.547790,3525fc4ac1e9f8067eaed39a
102.220.32.0,AVAILABILITY,domains.list,domains.list,2021-03-26 12:49:24.254743,3525fc4ac1e9f8067eaed39a
102.220.48.0,AVAILABILITY,domains.list,domains.list,2021-03-26 12:49:24.843935,3525fc4ac1e9f8067eaed39a
102.220.56.0,AVAILABILITY,domains.list,domains.list,2021-03-26 12:49:25.150485,3525fc4ac1e9f8067eaed39a
102.220.100.0,AVAILABILITY,domains.list,domains.list,2021-03-26 12:49:25.442926,3525fc4ac1e9f8067eaed39a
102.221.48.0,AVAILABILITY,domains.list,domains.list,2021-03-26 12:49:25.958344,3525fc4ac1e9f8067eaed39a
102.221.156.0,AVAILABILITY,domains.list,domains.list,2021-03-26 12:49:27.071113,3525fc4ac1e9f8067eaed39a
103.5.104.0,AVAILABILITY,domains.list,domains.list,2021-03-26 12:49:29.477234,3525fc4ac1e9f8067eaed39a
103.43.56.0,AVAILABILITY,domains.list,domains.list,2021-03-26 12:50:10.221745,3525fc4ac1e9f8067eaed39a
103.44.92.0,AVAILABILITY,domains.list,domains.list,2021-03-26 12:50:11.670710,3525fc4ac1e9f8067eaed39a
103.76.96.0,AVAILABILITY,domains.list,domains.list,2021-03-26 12:50:44.523274,3525fc4ac1e9f8067eaed39a
103.78.158.0,AVAILABILITY,domains.list,domains.list,2021-03-26 12:50:47.646331,3525fc4ac1e9f8067eaed39a
103.83.0.0,AVAILABILITY,domains.list,domains.list,2021-03-26 12:50:52.500210,3525fc4ac1e9f8067eaed39a
103.83.82.0,AVAILABILITY,domains.list,domains.list,2021-03-26 12:50:53.074870,3525fc4ac1e9f8067eaed39a
103.83.84.0,AVAILABILITY,domains.list,domains.list,2021-03-26 12:50:53.357392,3525fc4ac1e9f8067eaed39a
103.95.102.0,AVAILABILITY,domains.list,domains.list,2021-03-26 12:51:04.409828,3525fc4ac1e9f8067eaed39a
103.95.108.0,AVAILABILITY,domains.list,domains.list,2021-03-26 12:51:04.802168,3525fc4ac1e9f8067eaed39a
103.105.92.0,AVAILABILITY,domains.list,domains.list,2021-03-26 12:51:13.478520,3525fc4ac1e9f8067eaed39a
103.125.100.0,AVAILABILITY,domains.list,domains.list,2021-03-26 12:51:23.721588,3525fc4ac1e9f8067eaed39a
103.126.195.0,AVAILABILITY,domains.list,domains.list,2021-03-26 12:51:29.477742,3525fc4ac1e9f8067eaed39a
103.130.236.0,AVAILABILITY,domains.list,domains.list,2021-03-26 12:51:31.842876,3525fc4ac1e9f8067eaed39a
103.137.34.0,AVAILABILITY,domains.list,domains.list,2021-03-26 12:51:33.484735,3525fc4ac1e9f8067eaed39a
103.164.232.0,AVAILABILITY,domains.list,domains.list,2021-03-26 12:51:35.170586,3525fc4ac1e9f8067eaed39a
103.164.240.0,AVAILABILITY,domains.list,domains.list,2021-03-26 12:51:35.474406,3525fc4ac1e9f8067eaed39a
103.196.118.0,AVAILABILITY,domains.list,domains.list,2021-03-26 12:51:39.633496,3525fc4ac1e9f8067eaed39a
103.196.156.0,AVAILABILITY,domains.list,domains.list,2021-03-26 12:51:40.389257,3525fc4ac1e9f8067eaed39a
103.224.212.222,AVAILABILITY,domains.list,domains.list,2021-03-26 12:52:08.629109,3525fc4ac1e9f8067eaed39a
104.149.174.100,AVAILABILITY,domains.list,domains.list,2021-03-26 12:52:53.939613,3525fc4ac1e9f8067eaed39a
104.156.57.40,AVAILABILITY,domains.list,domains.list,2021-03-26 12:52:54.779367,3525fc4ac1e9f8067eaed39a
104.197.104.56,AVAILABILITY,domains.list,domains.list,2021-03-26 12:52:55.985607,3525fc4ac1e9f8067eaed39a
104.202.87.74,AVAILABILITY,domains.list,domains.list,2021-03-26 12:52:56.651671,3525fc4ac1e9f8067eaed39a
104.203.167.207,AVAILABILITY,domains.list,domains.list,2021-03-26 12:53:02.133243,3525fc4ac1e9f8067eaed39a
104.206.78.18,AVAILABILITY,domains.list,domains.list,2021-03-26 12:53:02.554140,3525fc4ac1e9f8067eaed39a
107.180.41.146,AVAILABILITY,domains.list,domains.list,2021-03-26 12:53:05.231470,3525fc4ac1e9f8067eaed39a
108.61.19.11,AVAILABILITY,domains.list,domains.list,2021-03-26 12:53:06.826403,3525fc4ac1e9f8067eaed39a
108.61.19.14,AVAILABILITY,domains.list,domains.list,2021-03-26 12:53:07.263138,3525fc4ac1e9f8067eaed39a
108.179.252.199,AVAILABILITY,domains.list,domains.list,2021-03-26 12:53:07.558629,3525fc4ac1e9f8067eaed39a
109.70.4.246,AVAILABILITY,domains.list,domains.list,2021-03-26 12:53:08.499014,3525fc4ac1e9f8067eaed39a
109.71.54.17,AVAILABILITY,domains.list,domains.list,2021-03-26 12:53:09.074940,3525fc4ac1e9f8067eaed39a
109.248.10.176,AVAILABILITY,domains.list,domains.list,2021-03-26 12:53:10.546103,3525fc4ac1e9f8067eaed39a
112.78.125.29,AVAILABILITY,domains.list,domains.list,2021-03-26 12:53:11.284091,3525fc4ac1e9f8067eaed39a
113.212.128.0,AVAILABILITY,domains.list,domains.list,2021-03-26 12:53:12.293286,3525fc4ac1e9f8067eaed39a
116.202.231.184,AVAILABILITY,domains.list,domains.list,2021-03-26 12:53:14.193651,3525fc4ac1e9f8067eaed39a
119.3.179.174,AVAILABILITY,domains.list,domains.list,2021-03-26 12:53:15.746034,3525fc4ac1e9f8067eaed39a
119.227.224.0,AVAILABILITY,domains.list,domains.list,2021-03-26 12:53:16.668361,3525fc4ac1e9f8067eaed39a
121.241.144.35,AVAILABILITY,domains.list,domains.list,2021-03-26 12:53:18.946350,3525fc4ac1e9f8067eaed39a
123.253.180.0,AVAILABILITY,domains.list,domains.list,2021-03-26 12:53:20.829741,3525fc4ac1e9f8067eaed39a
123.254.108.81,AVAILABILITY,domains.list,domains.list,2021-03-26 12:53:21.314578,3525fc4ac1e9f8067eaed39a
128.85.0.0,AVAILABILITY,domains.list,domains.list,2021-03-26 12:53:24.022450,3525fc4ac1e9f8067eaed39a
132.148.25.127,AVAILABILITY,domains.list,domains.list,2021-03-26 12:53:25.163486,3525fc4ac1e9f8067eaed39a
132.148.231.248,AVAILABILITY,domains.list,domains.list,2021-03-26 12:53:25.415664,3525fc4ac1e9f8067eaed39a
137.74.151.103,AVAILABILITY,domains.list,domains.list,2021-03-26 12:53:29.941562,3525fc4ac1e9f8067eaed39a
137.74.217.60,AVAILABILITY,domains.list,domains.list,2021-03-26 12:53:30.336818,3525fc4ac1e9f8067eaed39a
141.105.126.87,AVAILABILITY,domains.list,domains.list,2021-03-26 12:53:40.017770,3525fc4ac1e9f8067eaed39a
143.95.79.234,AVAILABILITY,domains.list,domains.list,2021-03-26 12:53:42.234835,3525fc4ac1e9f8067eaed39a
146.148.34.125,AVAILABILITY,domains.list,domains.list,2021-03-26 12:53:44.930732,3525fc4ac1e9f8067eaed39a
149.216.106.61,AVAILABILITY,domains.list,domains.list,2021-03-26 12:53:49.786149,3525fc4ac1e9f8067eaed39a
149.255.58.42,AVAILABILITY,domains.list,domains.list,2021-03-26 12:53:50.183269,3525fc4ac1e9f8067eaed39a
155.159.0.0,AVAILABILITY,domains.list,domains.list,2021-03-26 12:54:02.023437,3525fc4ac1e9f8067eaed39a
157.7.44.219,AVAILABILITY,domains.list,domains.list,2021-03-26 12:54:04.448910,3525fc4ac1e9f8067eaed39a
157.7.184.14,AVAILABILITY,domains.list,domains.list,2021-03-26 12:54:10.125613,3525fc4ac1e9f8067eaed39a
157.7.184.17,AVAILABILITY,domains.list,domains.list,2021-03-26 12:54:10.739262,3525fc4ac1e9f8067eaed39a
157.7.188.207,AVAILABILITY,domains.list,domains.list,2021-03-26 12:54:11.146813,3525fc4ac1e9f8067eaed39a
159.8.210.35,AVAILABILITY,domains.list,domains.list,2021-03-26 12:54:15.132919,3525fc4ac1e9f8067eaed39a
162.144.26.233,AVAILABILITY,domains.list,domains.list,2021-03-26 12:54:17.790087,3525fc4ac1e9f8067eaed39a
162.243.55.152,AVAILABILITY,domains.list,domains.list,2021-03-26 12:54:19.612311,3525fc4ac1e9f8067eaed39a
163.43.102.74,AVAILABILITY,domains.list,domains.list,2021-03-26 12:54:20.650059,3525fc4ac1e9f8067eaed39a
163.172.86.124,AVAILABILITY,domains.list,domains.list,2021-03-26 12:54:24.204853,3525fc4ac1e9f8067eaed39a
163.198.0.0,AVAILABILITY,domains.list,domains.list,2021-03-26 12:54:25.162176,3525fc4ac1e9f8067eaed39a
164.155.0.0,AVAILABILITY,domains.list,domains.list,2021-03-26 12:54:43.739012,3525fc4ac1e9f8067eaed39a
165.25.0.0,AVAILABILITY,domains.list,domains.list,2021-03-26 12:54:47.297855,3525fc4ac1e9f8067eaed39a
168.76.0.0,AVAILABILITY,domains.list,domains.list,2021-03-26 12:54:53.992050,3525fc4ac1e9f8067eaed39a
168.80.0.0,AVAILABILITY,domains.list,domains.list,2021-03-26 12:54:54.618233,3525fc4ac1e9f8067eaed39a
169.50.13.61,AVAILABILITY,domains.list,domains.list,2021-03-26 12:55:05.196311,3525fc4ac1e9f8067eaed39a
172.104.243.27,AVAILABILITY,domains.list,domains.list,2021-03-26 12:55:06.590041,3525fc4ac1e9f8067eaed39a
173.231.184.61,AVAILABILITY,domains.list,domains.list,2021-03-26 12:55:07.581619,3525fc4ac1e9f8067eaed39a
173.231.184.117,AVAILABILITY,domains.list,domains.list,2021-03-26 12:55:07.902672,3525fc4ac1e9f8067eaed39a
173.231.184.123,AVAILABILITY,domains.list,domains.list,2021-03-26 12:55:08.294792,3525fc4ac1e9f8067eaed39a
173.236.178.74,AVAILABILITY,domains.list,domains.list,2021-03-26 12:55:08.569258,3525fc4ac1e9f8067eaed39a
173.239.8.164,AVAILABILITY,domains.list,domains.list,2021-03-26 12:55:09.124956,3525fc4ac1e9f8067eaed39a
176.96.88.0,AVAILABILITY,domains.list,domains.list,2021-03-26 12:55:10.899543,3525fc4ac1e9f8067eaed39a
178.22.59.66,AVAILABILITY,domains.list,domains.list,2021-03-26 12:55:15.265242,3525fc4ac1e9f8067eaed39a
178.212.184.0,AVAILABILITY,domains.list,domains.list,2021-03-26 12:55:16.594421,3525fc4ac1e9f8067eaed39a
178.254.10.14,AVAILABILITY,domains.list,domains.list,2021-03-26 12:55:17.231423,3525fc4ac1e9f8067eaed39a
185.26.105.244,AVAILABILITY,domains.list,domains.list,2021-03-26 12:55:19.463304,3525fc4ac1e9f8067eaed39a
185.51.65.38,AVAILABILITY,domains.list,domains.list,2021-03-26 12:55:21.027495,3525fc4ac1e9f8067eaed39a
185.55.4.0,AVAILABILITY,domains.list,domains.list,2021-03-26 12:55:26.896982,3525fc4ac1e9f8067eaed39a
185.60.202.0,AVAILABILITY,domains.list,domains.list,2021-03-26 12:55:28.022827,3525fc4ac1e9f8067eaed39a
185.104.45.33,AVAILABILITY,domains.list,domains.list,2021-03-26 12:55:30.035982,3525fc4ac1e9f8067eaed39a
185.114.108.15,AVAILABILITY,domains.list,domains.list,2021-03-26 12:55:31.021568,3525fc4ac1e9f8067eaed39a
185.129.208.0,AVAILABILITY,domains.list,domains.list,2021-03-26 12:55:35.565685,3525fc4ac1e9f8067eaed39a
185.135.241.4,AVAILABILITY,domains.list,domains.list,2021-03-26 12:55:37.149074,3525fc4ac1e9f8067eaed39a
185.181.104.74,AVAILABILITY,domains.list,domains.list,2021-03-26 12:55:41.636886,3525fc4ac1e9f8067eaed39a
185.183.8.67,AVAILABILITY,domains.list,domains.list,2021-03-26 12:55:42.135050,3525fc4ac1e9f8067eaed39a
185.232.248.163,AVAILABILITY,domains.list,domains.list,2021-03-26 12:55:45.411588,3525fc4ac1e9f8067eaed39a
185.236.11.0,AVAILABILITY,domains.list,domains.list,2021-03-26 12:55:46.469838,3525fc4ac1e9f8067eaed39a
185.238.176.0,AVAILABILITY,domains.list,domains.list,2021-03-26 12:55:48.374785,3525fc4ac1e9f8067eaed39a
186.202.153.222,AVAILABILITY,domains.list,domains.list,2021-03-26 12:55:50.757110,3525fc4ac1e9f8067eaed39a
188.165.143.5,AVAILABILITY,domains.list,domains.list,2021-03-26 12:55:51.831159,3525fc4ac1e9f8067eaed39a
189.50.110.40,AVAILABILITY,domains.list,domains.list,2021-03-26 12:55:59.361388,3525fc4ac1e9f8067eaed39a
192.64.147.231,AVAILABILITY,domains.list,domains.list,2021-03-26 12:56:03.373214,3525fc4ac1e9f8067eaed39a
192.124.249.106,AVAILABILITY,domains.list,domains.list,2021-03-26 12:56:06.009377,3525fc4ac1e9f8067eaed39a
192.155.198.18,AVAILABILITY,domains.list,domains.list,2021-03-26 12:56:08.414767,3525fc4ac1e9f8067eaed39a
192.185.72.119,AVAILABILITY,domains.list,domains.list,2021-03-26 12:56:10.164333,3525fc4ac1e9f8067eaed39a
192.190.87.140,AVAILABILITY,domains.list,domains.list,2021-03-26 12:56:11.872055,3525fc4ac1e9f8067eaed39a
193.41.64.176,AVAILABILITY,domains.list,domains.list,2021-03-26 12:56:22.344236,3525fc4ac1e9f8067eaed39a
193.163.184.0,AVAILABILITY,domains.list,domains.list,2021-03-26 12:56:27.845571,3525fc4ac1e9f8067eaed39a
194.150.113.50,AVAILABILITY,domains.list,domains.list,2021-03-26 12:56:38.041671,3525fc4ac1e9f8067eaed39a
195.74.38.62,AVAILABILITY,domains.list,domains.list,2021-03-26 12:56:40.360788,3525fc4ac1e9f8067eaed39a
195.110.124.188,AVAILABILITY,domains.list,domains.list,2021-03-26 12:56:41.155597,3525fc4ac1e9f8067eaed39a
195.123.216.248,AVAILABILITY,domains.list,domains.list,2021-03-26 12:56:41.474262,3525fc4ac1e9f8067eaed39a
196.22.132.17,AVAILABILITY,domains.list,domains.list,2021-03-26 12:56:44.181748,3525fc4ac1e9f8067eaed39a
198.23.48.104,AVAILABILITY,domains.list,domains.list,2021-03-26 12:56:50.075178,3525fc4ac1e9f8067eaed39a
198.38.83.24,AVAILABILITY,domains.list,domains.list,2021-03-26 12:56:50.373266,3525fc4ac1e9f8067eaed39a
198.54.121.133,AVAILABILITY,domains.list,domains.list,2021-03-26 12:56:51.994823,3525fc4ac1e9f8067eaed39a
198.58.118.167,AVAILABILITY,domains.list,domains.list,2021-03-26 12:56:53.268901,3525fc4ac1e9f8067eaed39a
199.5.229.0,AVAILABILITY,domains.list,domains.list,2021-03-26 12:57:01.266021,3525fc4ac1e9f8067eaed39a
199.34.228.76,AVAILABILITY,domains.list,domains.list,2021-03-26 12:57:02.800332,3525fc4ac1e9f8067eaed39a
199.58.179.10,AVAILABILITY,domains.list,domains.list,2021-03-26 12:57:03.259265,3525fc4ac1e9f8067eaed39a
201.169.0.0,AVAILABILITY,domains.list,domains.list,2021-03-26 12:57:13.489270,3525fc4ac1e9f8067eaed39a
202.70.137.0,AVAILABILITY,domains.list,domains.list,2021-03-26 12:57:27.111270,3525fc4ac1e9f8067eaed39a
202.124.241.178,AVAILABILITY,domains.list,domains.list,2021-03-26 12:57:28.561466,3525fc4ac1e9f8067eaed39a
202.181.97.76,AVAILABILITY,domains.list,domains.list,2021-03-26 12:57:31.707004,3525fc4ac1e9f8067eaed39a
202.254.234.152,AVAILABILITY,domains.list,domains.list,2021-03-26 12:57:32.827913,3525fc4ac1e9f8067eaed39a
205.144.171.124,AVAILABILITY,domains.list,domains.list,2021-03-26 12:58:03.183466,3525fc4ac1e9f8067eaed39a
206.189.61.126,AVAILABILITY,domains.list,domains.list,2021-03-26 12:58:12.047891,3525fc4ac1e9f8067eaed39a
207.183.64.0,AVAILABILITY,domains.list,domains.list,2021-03-26 12:58:26.372063,3525fc4ac1e9f8067eaed39a
208.109.80.14,AVAILABILITY,domains.list,domains.list,2021-03-26 12:58:34.858901,3525fc4ac1e9f8067eaed39a
209.99.40.222,AVAILABILITY,domains.list,domains.list,2021-03-26 12:58:36.363786,3525fc4ac1e9f8067eaed39a
209.99.64.33,AVAILABILITY,domains.list,domains.list,2021-03-26 12:58:36.676368,3525fc4ac1e9f8067eaed39a
209.140.30.61,AVAILABILITY,domains.list,domains.list,2021-03-26 12:58:37.402541,3525fc4ac1e9f8067eaed39a
212.12.54.87,AVAILABILITY,domains.list,domains.list,2021-03-26 12:58:40.123313,3525fc4ac1e9f8067eaed39a
212.57.32.149,AVAILABILITY,domains.list,domains.list,2021-03-26 12:58:41.618971,3525fc4ac1e9f8067eaed39a
212.85.106.71,AVAILABILITY,domains.list,domains.list,2021-03-26 12:58:43.599818,3525fc4ac1e9f8067eaed39a
213.186.33.5,AVAILABILITY,domains.list,domains.list,2021-03-26 12:58:45.887390,3525fc4ac1e9f8067eaed39a
213.186.33.19,AVAILABILITY,domains.list,domains.list,2021-03-26 12:58:46.376620,3525fc4ac1e9f8067eaed39a
213.186.33.87,AVAILABILITY,domains.list,domains.list,2021-03-26 12:58:46.910260,3525fc4ac1e9f8067eaed39a
216.40.47.17,AVAILABILITY,domains.list,domains.list,2021-03-26 12:58:48.267554,3525fc4ac1e9f8067eaed39a
217.20.116.129,AVAILABILITY,domains.list,domains.list,2021-03-26 12:58:48.793287,3525fc4ac1e9f8067eaed39a
217.20.116.130,AVAILABILITY,domains.list,domains.list,2021-03-26 12:58:49.061809,3525fc4ac1e9f8067eaed39a
217.20.116.132,AVAILABILITY,domains.list,domains.list,2021-03-26 12:58:50.974055,3525fc4ac1e9f8067eaed39a
217.20.116.136,AVAILABILITY,domains.list,domains.list,2021-03-26 12:58:51.245221,3525fc4ac1e9f8067eaed39a
217.20.116.145,AVAILABILITY,domains.list,domains.list,2021-03-26 12:58:51.655501,3525fc4ac1e9f8067eaed39a
217.20.116.146,AVAILABILITY,domains.list,domains.list,2021-03-26 12:58:52.639745,3525fc4ac1e9f8067eaed39a
217.20.116.148,AVAILABILITY,domains.list,domains.list,2021-03-26 12:58:52.920513,3525fc4ac1e9f8067eaed39a
217.20.116.152,AVAILABILITY,domains.list,domains.list,2021-03-26 12:58:53.194854,3525fc4ac1e9f8067eaed39a
217.26.53.16,AVAILABILITY,domains.list,domains.list,2021-03-26 12:58:55.227784,3525fc4ac1e9f8067eaed39a
217.26.63.20,AVAILABILITY,domains.list,domains.list,2021-03-26 12:58:55.624018,3525fc4ac1e9f8067eaed39a
217.70.184.38,AVAILABILITY,domains.list,domains.list,2021-03-26 12:58:56.029151,3525fc4ac1e9f8067eaed39a
217.74.71.168,AVAILABILITY,domains.list,domains.list,2021-03-26 12:59:01.901986,3525fc4ac1e9f8067eaed39a
217.116.16.235,AVAILABILITY,domains.list,domains.list,2021-03-26 12:59:02.538779,3525fc4ac1e9f8067eaed39a
217.160.0.27,AVAILABILITY,domains.list,domains.list,2021-03-26 12:59:03.069908,3525fc4ac1e9f8067eaed39a
217.160.0.59,AVAILABILITY,domains.list,domains.list,2021-03-26 12:59:03.359488,3525fc4ac1e9f8067eaed39a
217.160.0.169,AVAILABILITY,domains.list,domains.list,2021-03-26 12:59:03.732628,3525fc4ac1e9f8067eaed39a
217.160.0.225,AVAILABILITY,domains.list,domains.list,2021-03-26 12:59:05.237058,3525fc4ac1e9f8067eaed39a
217.160.0.231,AVAILABILITY,domains.list,domains.list,2021-03-26 12:59:05.566167,3525fc4ac1e9f8067eaed39a
217.160.0.239,AVAILABILITY,domains.list,domains.list,2021-03-26 12:59:05.991806,3525fc4ac1e9f8067eaed39a
217.160.122.61,AVAILABILITY,domains.list,domains.list,2021-03-26 12:59:06.429951,3525fc4ac1e9f8067eaed39a
217.160.223.127,AVAILABILITY,domains.list,domains.list,2021-03-26 12:59:06.718737,3525fc4ac1e9f8067eaed39a
217.160.233.84,AVAILABILITY,domains.list,domains.list,2021-03-26 12:59:07.682435,3525fc4ac1e9f8067eaed39a
219.94.129.157,AVAILABILITY,domains.list,domains.list,2021-03-26 12:59:08.131553,3525fc4ac1e9f8067eaed39a
219.235.5.224,AVAILABILITY,domains.list,domains.list,2021-03-26 12:59:08.664828,3525fc4ac1e9f8067eaed39a
iplists.firehol.org,AVAILABILITY,domains.list,domains.list,2021-03-26 12:59:10.478340,3525fc4ac1e9f8067eaed39a
204.44.208.0,AVAILABILITY,domains.list,domains.list,2021-03-26 12:59:15.691402,3525fc4ac1e9f8067eaed39a
23.89.20.107,AVAILABILITY,domains.list,domains.list,2021-03-26 12:59:16.610045,3525fc4ac1e9f8067eaed39a
23.89.102.123,AVAILABILITY,domains.list,domains.list,2021-03-26 12:59:18.178017,3525fc4ac1e9f8067eaed39a
23.89.102.127,AVAILABILITY,domains.list,domains.list,2021-03-26 12:59:24.900940,3525fc4ac1e9f8067eaed39a
45.135.232.0,AVAILABILITY,domains.list,domains.list,2021-03-26 12:59:25.177600,3525fc4ac1e9f8067eaed39a
62.153.122.95,AVAILABILITY,domains.list,domains.list,2021-03-26 12:59:35.432926,3525fc4ac1e9f8067eaed39a
79.124.62.0,AVAILABILITY,domains.list,domains.list,2021-03-26 12:59:36.308477,3525fc4ac1e9f8067eaed39a
91.234.99.0,AVAILABILITY,domains.list,domains.list,2021-03-26 12:59:37.153607,3525fc4ac1e9f8067eaed39a
102.220.160.0,AVAILABILITY,domains.list,domains.list,2021-03-26 12:59:37.417104,3525fc4ac1e9f8067eaed39a
102.220.176.0,AVAILABILITY,domains.list,domains.list,2021-03-26 12:59:37.694695,3525fc4ac1e9f8067eaed39a
102.220.240.0,AVAILABILITY,domains.list,domains.list,2021-03-26 12:59:37.960039,3525fc4ac1e9f8067eaed39a
102.220.250.0,AVAILABILITY,domains.list,domains.list,2021-03-26 12:59:38.232134,3525fc4ac1e9f8067eaed39a
103.145.13.0,AVAILABILITY,domains.list,domains.list,2021-03-26 12:59:39.263086,3525fc4ac1e9f8067eaed39a
103.163.21.0,AVAILABILITY,domains.list,domains.list,2021-03-26 12:59:39.529101,3525fc4ac1e9f8067eaed39a
103.163.28.0,AVAILABILITY,domains.list,domains.list,2021-03-26 12:59:40.299583,3525fc4ac1e9f8067eaed39a
103.163.32.0,AVAILABILITY,domains.list,domains.list,2021-03-26 12:59:51.052493,3525fc4ac1e9f8067eaed39a
103.163.64.0,AVAILABILITY,domains.list,domains.list,2021-03-26 12:59:51.305342,3525fc4ac1e9f8067eaed39a
103.163.128.0,AVAILABILITY,domains.list,domains.list,2021-03-26 12:59:51.628792,3525fc4ac1e9f8067eaed39a
193.118.53.0,AVAILABILITY,domains.list,domains.list,2021-03-26 12:59:52.181458,3525fc4ac1e9f8067eaed39a
23.151.160.0,AVAILABILITY,domains.list,domains.list,2021-03-26 12:59:57.646133,3525fc4ac1e9f8067eaed39a
91.242.224.0,AVAILABILITY,domains.list,domains.list,2021-03-26 12:59:57.917847,3525fc4ac1e9f8067eaed39a
102.220.64.0,AVAILABILITY,domains.list,domains.list,2021-03-26 13:00:00.240339,3525fc4ac1e9f8067eaed39a
102.220.118.0,AVAILABILITY,domains.list,domains.list,2021-03-26 13:00:05.722036,3525fc4ac1e9f8067eaed39a
102.220.96.0,AVAILABILITY,domains.list,domains.list,2021-03-26 13:00:11.584520,3525fc4ac1e9f8067eaed39a
103.14.152.0,AVAILABILITY,domains.list,domains.list,2021-03-26 13:00:15.831798,3525fc4ac1e9f8067eaed39a
103.149.42.0,AVAILABILITY,domains.list,domains.list,2021-03-26 13:00:16.085558,3525fc4ac1e9f8067eaed39a
103.164.62.0,AVAILABILITY,domains.list,domains.list,2021-03-26 13:00:16.762234,3525fc4ac1e9f8067eaed39a
103.164.64.0,AVAILABILITY,domains.list,domains.list,2021-03-26 13:00:17.092006,3525fc4ac1e9f8067eaed39a
103.164.128.0,AVAILABILITY,domains.list,domains.list,2021-03-26 13:00:17.359626,3525fc4ac1e9f8067eaed39a
103.165.0.0,AVAILABILITY,domains.list,domains.list,2021-03-26 13:00:17.707570,3525fc4ac1e9f8067eaed39a
103.166.0.0,AVAILABILITY,domains.list,domains.list,2021-03-26 13:00:17.977466,3525fc4ac1e9f8067eaed39a
103.215.92.0,AVAILABILITY,domains.list,domains.list,2021-03-26 13:00:18.321346,3525fc4ac1e9f8067eaed39a
103.224.21.0,AVAILABILITY,domains.list,domains.list,2021-03-26 13:00:18.651253,3525fc4ac1e9f8067eaed39a
104.206.128.0,AVAILABILITY,domains.list,domains.list,2021-03-26 13:00:19.075541,3525fc4ac1e9f8067eaed39a
144.48.248.0,AVAILABILITY,domains.list,domains.list,2021-03-26 13:00:19.331759,3525fc4ac1e9f8067eaed39a
146.88.240.0,AVAILABILITY,domains.list,domains.list,2021-03-26 13:00:19.675725,3525fc4ac1e9f8067eaed39a
152.89.228.0,AVAILABILITY,domains.list,domains.list,2021-03-26 13:00:19.953038,3525fc4ac1e9f8067eaed39a
185.161.148.0,AVAILABILITY,domains.list,domains.list,2021-03-26 13:00:20.332979,3525fc4ac1e9f8067eaed39a
185.180.192.0,AVAILABILITY,domains.list,domains.list,2021-03-26 13:00:20.631171,3525fc4ac1e9f8067eaed39a
185.252.202.0,AVAILABILITY,domains.list,domains.list,2021-03-26 13:00:21.176432,3525fc4ac1e9f8067eaed39a
193.163.4.0,AVAILABILITY,domains.list,domains.list,2021-03-26 13:00:21.437126,3525fc4ac1e9f8067eaed39a
1.10.16.0,AVAILABILITY,domains.list,domains.list,2021-03-26 13:00:26.975983,3525fc4ac1e9f8067eaed39a
1.32.128.0,AVAILABILITY,domains.list,domains.list,2021-03-26 13:00:32.532401,3525fc4ac1e9f8067eaed39a
2.59.200.0,AVAILABILITY,domains.list,domains.list,2021-03-26 13:00:32.890303,3525fc4ac1e9f8067eaed39a
5.44.248.0,AVAILABILITY,domains.list,domains.list,2021-03-26 13:00:33.149082,3525fc4ac1e9f8067eaed39a
1.19.0.0,AVAILABILITY,domains.list,domains.list,2021-03-26 13:00:33.725471,3525fc4ac1e9f8067eaed39a
5.57.208.0,AVAILABILITY,domains.list,domains.list,2021-03-26 13:00:34.089123,3525fc4ac1e9f8067eaed39a
5.79.79.211,AVAILABILITY,domains.list,domains.list,2021-03-26 13:00:34.570894,3525fc4ac1e9f8067eaed39a
5.134.128.0,AVAILABILITY,domains.list,domains.list,2021-03-26 13:00:36.381959,3525fc4ac1e9f8067eaed39a
