idna_subject,checker_type,destination,source,tested_at
1.10.16.0,AVAILABILITY,domains.list,/home/runner/work/firehol_level1/firehol_level1/domains.list,2021-01-24 10:18:19.546633
1.19.0.0,AVAILABILITY,domains.list,/home/runner/work/firehol_level1/firehol_level1/domains.list,2021-01-24 10:18:24.624950
1.32.128.0,AVAILABILITY,domains.list,/home/runner/work/firehol_level1/firehol_level1/domains.list,2021-01-24 10:18:28.717609
2.56.192.0,AVAILABILITY,domains.list,/home/runner/work/firehol_level1/firehol_level1/domains.list,2021-01-24 10:18:35.394107
2.59.200.0,AVAILABILITY,domains.list,/home/runner/work/firehol_level1/firehol_level1/domains.list,2021-01-24 10:18:42.604722
5.44.248.0,AVAILABILITY,domains.list,/home/runner/work/firehol_level1/firehol_level1/domains.list,2021-01-24 10:18:49.662395
5.57.208.0,AVAILABILITY,domains.list,/home/runner/work/firehol_level1/firehol_level1/domains.list,2021-01-24 10:18:53.645718
5.79.79.211,AVAILABILITY,domains.list,/home/runner/work/firehol_level1/firehol_level1/domains.list,2021-01-24 10:19:00.999120
5.134.128.0,AVAILABILITY,domains.list,/home/runner/work/firehol_level1/firehol_level1/domains.list,2021-01-24 10:19:05.086135
5.172.176.0,AVAILABILITY,domains.list,/home/runner/work/firehol_level1/firehol_level1/domains.list,2021-01-24 10:19:12.374524
5.180.4.0,AVAILABILITY,domains.list,/home/runner/work/firehol_level1/firehol_level1/domains.list,2021-01-24 10:19:17.957387
5.181.84.0,AVAILABILITY,domains.list,/home/runner/work/firehol_level1/firehol_level1/domains.list,2021-01-24 10:19:25.543605
5.183.60.0,AVAILABILITY,domains.list,/home/runner/work/firehol_level1/firehol_level1/domains.list,2021-01-24 10:19:29.664422
5.188.10.0,AVAILABILITY,domains.list,/home/runner/work/firehol_level1/firehol_level1/domains.list,2021-01-24 10:19:33.673262
13.90.196.81,AVAILABILITY,domains.list,/home/runner/work/firehol_level1/firehol_level1/domains.list,2021-01-24 10:19:37.842688
14.128.136.68,AVAILABILITY,domains.list,/home/runner/work/firehol_level1/firehol_level1/domains.list,2021-01-24 10:19:41.884359
14.192.4.35,AVAILABILITY,domains.list,/home/runner/work/firehol_level1/firehol_level1/domains.list,2021-01-24 10:19:46.071407
23.107.49.18,AVAILABILITY,domains.list,/home/runner/work/firehol_level1/firehol_level1/domains.list,2021-01-24 10:20:11.619860
23.107.124.53,AVAILABILITY,domains.list,/home/runner/work/firehol_level1/firehol_level1/domains.list,2021-01-24 10:20:15.725293
23.110.15.74,AVAILABILITY,domains.list,/home/runner/work/firehol_level1/firehol_level1/domains.list,2021-01-24 10:20:19.811466
23.135.225.0,AVAILABILITY,domains.list,/home/runner/work/firehol_level1/firehol_level1/domains.list,2021-01-24 10:20:23.785337
23.231.218.195,AVAILABILITY,domains.list,/home/runner/work/firehol_level1/firehol_level1/domains.list,2021-01-24 10:20:33.755477
24.137.16.0,AVAILABILITY,domains.list,/home/runner/work/firehol_level1/firehol_level1/domains.list,2021-01-24 10:20:42.111846
24.170.208.0,AVAILABILITY,domains.list,/home/runner/work/firehol_level1/firehol_level1/domains.list,2021-01-24 10:20:46.624809
24.233.0.0,AVAILABILITY,domains.list,/home/runner/work/firehol_level1/firehol_level1/domains.list,2021-01-24 10:20:50.545604
24.236.0.0,AVAILABILITY,domains.list,/home/runner/work/firehol_level1/firehol_level1/domains.list,2021-01-24 10:20:54.485545
27.112.32.0,AVAILABILITY,domains.list,/home/runner/work/firehol_level1/firehol_level1/domains.list,2021-01-24 10:21:18.386697
27.124.64.0,AVAILABILITY,domains.list,/home/runner/work/firehol_level1/firehol_level1/domains.list,2021-01-24 10:21:22.498129
27.126.160.0,AVAILABILITY,domains.list,/home/runner/work/firehol_level1/firehol_level1/domains.list,2021-01-24 10:21:26.593260
27.146.0.0,AVAILABILITY,domains.list,/home/runner/work/firehol_level1/firehol_level1/domains.list,2021-01-24 10:21:30.622870
31.14.65.0,AVAILABILITY,domains.list,/home/runner/work/firehol_level1/firehol_level1/domains.list,2021-01-24 10:21:38.185805
31.14.66.0,AVAILABILITY,domains.list,/home/runner/work/firehol_level1/firehol_level1/domains.list,2021-01-24 10:21:42.202050
31.40.156.0,AVAILABILITY,domains.list,/home/runner/work/firehol_level1/firehol_level1/domains.list,2021-01-24 10:21:46.637092
31.40.164.0,AVAILABILITY,domains.list,/home/runner/work/firehol_level1/firehol_level1/domains.list,2021-01-24 10:22:02.727686
31.132.36.0,AVAILABILITY,domains.list,/home/runner/work/firehol_level1/firehol_level1/domains.list,2021-01-24 10:22:06.738006
31.184.237.0,AVAILABILITY,domains.list,/home/runner/work/firehol_level1/firehol_level1/domains.list,2021-01-24 10:22:10.628580
31.217.248.0,AVAILABILITY,domains.list,/home/runner/work/firehol_level1/firehol_level1/domains.list,2021-01-24 10:22:21.027506
31.222.224.0,AVAILABILITY,domains.list,/home/runner/work/firehol_level1/firehol_level1/domains.list,2021-01-24 10:22:25.032129
36.0.8.0,AVAILABILITY,domains.list,/home/runner/work/firehol_level1/firehol_level1/domains.list,2021-01-24 10:22:59.308838
36.37.48.0,AVAILABILITY,domains.list,/home/runner/work/firehol_level1/firehol_level1/domains.list,2021-01-24 10:23:03.268344
36.50.0.0,AVAILABILITY,domains.list,/home/runner/work/firehol_level1/firehol_level1/domains.list,2021-01-24 10:23:07.219010
36.116.0.0,AVAILABILITY,domains.list,/home/runner/work/firehol_level1/firehol_level1/domains.list,2021-01-24 10:23:11.226736
36.119.0.0,AVAILABILITY,domains.list,/home/runner/work/firehol_level1/firehol_level1/domains.list,2021-01-24 10:23:15.310734
37.9.42.0,AVAILABILITY,domains.list,/home/runner/work/firehol_level1/firehol_level1/domains.list,2021-01-24 10:23:20.710695
37.16.72.0,AVAILABILITY,domains.list,/home/runner/work/firehol_level1/firehol_level1/domains.list,2021-01-24 10:23:24.822235
37.77.144.0,AVAILABILITY,domains.list,/home/runner/work/firehol_level1/firehol_level1/domains.list,2021-01-24 10:23:28.827827
37.140.216.0,AVAILABILITY,domains.list,/home/runner/work/firehol_level1/firehol_level1/domains.list,2021-01-24 10:23:32.830724
37.140.240.0,AVAILABILITY,domains.list,/home/runner/work/firehol_level1/firehol_level1/domains.list,2021-01-24 10:23:36.939068
37.156.64.0,AVAILABILITY,domains.list,/home/runner/work/firehol_level1/firehol_level1/domains.list,2021-01-24 10:23:45.983872
37.156.173.0,AVAILABILITY,domains.list,/home/runner/work/firehol_level1/firehol_level1/domains.list,2021-01-24 10:23:49.946107
37.252.220.0,AVAILABILITY,domains.list,/home/runner/work/firehol_level1/firehol_level1/domains.list,2021-01-24 10:23:54.034671
41.77.240.0,AVAILABILITY,domains.list,/home/runner/work/firehol_level1/firehol_level1/domains.list,2021-01-24 10:23:58.101596
41.93.128.0,AVAILABILITY,domains.list,/home/runner/work/firehol_level1/firehol_level1/domains.list,2021-01-24 10:24:02.226566
42.0.32.0,AVAILABILITY,domains.list,/home/runner/work/firehol_level1/firehol_level1/domains.list,2021-01-24 10:24:06.305361
42.1.128.0,AVAILABILITY,domains.list,/home/runner/work/firehol_level1/firehol_level1/domains.list,2021-01-24 10:24:10.193469
42.96.0.0,AVAILABILITY,domains.list,/home/runner/work/firehol_level1/firehol_level1/domains.list,2021-01-24 10:24:14.322571
42.128.0.0,AVAILABILITY,domains.list,/home/runner/work/firehol_level1/firehol_level1/domains.list,2021-01-24 10:24:18.218964
42.160.0.0,AVAILABILITY,domains.list,/home/runner/work/firehol_level1/firehol_level1/domains.list,2021-01-24 10:24:22.173671
42.194.128.0,AVAILABILITY,domains.list,/home/runner/work/firehol_level1/firehol_level1/domains.list,2021-01-24 10:24:26.305733
42.208.0.0,AVAILABILITY,domains.list,/home/runner/work/firehol_level1/firehol_level1/domains.list,2021-01-24 10:24:30.337920
43.57.0.0,AVAILABILITY,domains.list,/home/runner/work/firehol_level1/firehol_level1/domains.list,2021-01-24 10:24:34.359387
43.181.0.0,AVAILABILITY,domains.list,/home/runner/work/firehol_level1/firehol_level1/domains.list,2021-01-24 10:24:38.416103
43.227.184.0,AVAILABILITY,domains.list,/home/runner/work/firehol_level1/firehol_level1/domains.list,2021-01-24 10:24:42.393648
43.228.104.0,AVAILABILITY,domains.list,/home/runner/work/firehol_level1/firehol_level1/domains.list,2021-01-24 10:24:46.355613
43.228.164.0,AVAILABILITY,domains.list,/home/runner/work/firehol_level1/firehol_level1/domains.list,2021-01-24 10:24:50.528667
43.228.172.0,AVAILABILITY,domains.list,/home/runner/work/firehol_level1/firehol_level1/domains.list,2021-01-24 10:24:54.589092
43.229.52.0,AVAILABILITY,domains.list,/home/runner/work/firehol_level1/firehol_level1/domains.list,2021-01-24 10:24:58.709275
43.230.112.86,AVAILABILITY,domains.list,/home/runner/work/firehol_level1/firehol_level1/domains.list,2021-01-24 10:25:02.883522
43.230.142.125,AVAILABILITY,domains.list,/home/runner/work/firehol_level1/firehol_level1/domains.list,2021-01-24 10:25:06.870913
43.231.130.0,AVAILABILITY,domains.list,/home/runner/work/firehol_level1/firehol_level1/domains.list,2021-01-24 10:25:10.984630
43.236.0.0,AVAILABILITY,domains.list,/home/runner/work/firehol_level1/firehol_level1/domains.list,2021-01-24 10:25:15.045695
43.241.196.105,AVAILABILITY,domains.list,/home/runner/work/firehol_level1/firehol_level1/domains.list,2021-01-24 10:25:24.104424
43.241.244.0,AVAILABILITY,domains.list,/home/runner/work/firehol_level1/firehol_level1/domains.list,2021-01-24 10:25:28.230598
43.248.56.0,AVAILABILITY,domains.list,/home/runner/work/firehol_level1/firehol_level1/domains.list,2021-01-24 10:25:32.366709
43.250.116.0,AVAILABILITY,domains.list,/home/runner/work/firehol_level1/firehol_level1/domains.list,2021-01-24 10:25:47.698341
43.250.180.0,AVAILABILITY,domains.list,/home/runner/work/firehol_level1/firehol_level1/domains.list,2021-01-24 10:25:51.680645
43.252.80.0,AVAILABILITY,domains.list,/home/runner/work/firehol_level1/firehol_level1/domains.list,2021-01-24 10:26:13.846932
45.4.128.0,AVAILABILITY,domains.list,/home/runner/work/firehol_level1/firehol_level1/domains.list,2021-01-24 10:26:18.420625
45.4.136.0,AVAILABILITY,domains.list,/home/runner/work/firehol_level1/firehol_level1/domains.list,2021-01-24 10:26:22.850898
45.6.48.0,AVAILABILITY,domains.list,/home/runner/work/firehol_level1/firehol_level1/domains.list,2021-01-24 10:26:27.527814
45.9.148.0,AVAILABILITY,domains.list,/home/runner/work/firehol_level1/firehol_level1/domains.list,2021-01-24 10:26:32.208861
45.9.156.0,AVAILABILITY,domains.list,/home/runner/work/firehol_level1/firehol_level1/domains.list,2021-01-24 10:26:36.127881
45.10.16.0,AVAILABILITY,domains.list,/home/runner/work/firehol_level1/firehol_level1/domains.list,2021-01-24 10:26:41.032900
45.11.184.0,AVAILABILITY,domains.list,/home/runner/work/firehol_level1/firehol_level1/domains.list,2021-01-24 10:26:44.998629
45.38.3.236,AVAILABILITY,domains.list,/home/runner/work/firehol_level1/firehol_level1/domains.list,2021-01-24 10:26:55.233794
45.41.0.0,AVAILABILITY,domains.list,/home/runner/work/firehol_level1/firehol_level1/domains.list,2021-01-24 10:26:59.118253
45.41.192.0,AVAILABILITY,domains.list,/home/runner/work/firehol_level1/firehol_level1/domains.list,2021-01-24 10:27:03.020681
45.43.128.0,AVAILABILITY,domains.list,/home/runner/work/firehol_level1/firehol_level1/domains.list,2021-01-24 10:27:06.946629
45.59.128.0,AVAILABILITY,domains.list,/home/runner/work/firehol_level1/firehol_level1/domains.list,2021-01-24 10:27:13.973437
45.65.32.0,AVAILABILITY,domains.list,/home/runner/work/firehol_level1/firehol_level1/domains.list,2021-01-24 10:27:17.886860
45.65.56.0,AVAILABILITY,domains.list,/home/runner/work/firehol_level1/firehol_level1/domains.list,2021-01-24 10:27:21.765888
45.65.112.0,AVAILABILITY,domains.list,/home/runner/work/firehol_level1/firehol_level1/domains.list,2021-01-24 10:27:25.715065
45.65.120.0,AVAILABILITY,domains.list,/home/runner/work/firehol_level1/firehol_level1/domains.list,2021-01-24 10:27:30.531247
45.65.188.0,AVAILABILITY,domains.list,/home/runner/work/firehol_level1/firehol_level1/domains.list,2021-01-24 10:27:35.437531
45.80.28.0,AVAILABILITY,domains.list,/home/runner/work/firehol_level1/firehol_level1/domains.list,2021-01-24 10:27:45.686542
45.80.248.0,AVAILABILITY,domains.list,/home/runner/work/firehol_level1/firehol_level1/domains.list,2021-01-24 10:27:50.058789
45.82.253.244,AVAILABILITY,domains.list,/home/runner/work/firehol_level1/firehol_level1/domains.list,2021-01-24 10:27:53.968878
45.86.20.0,AVAILABILITY,domains.list,/home/runner/work/firehol_level1/firehol_level1/domains.list,2021-01-24 10:27:58.673371
45.88.202.115,AVAILABILITY,domains.list,/home/runner/work/firehol_level1/firehol_level1/domains.list,2021-01-24 10:28:02.583605
45.95.40.0,AVAILABILITY,domains.list,/home/runner/work/firehol_level1/firehol_level1/domains.list,2021-01-24 10:28:06.490845
45.114.106.55,AVAILABILITY,domains.list,/home/runner/work/firehol_level1/firehol_level1/domains.list,2021-01-24 10:28:10.426444
45.114.240.0,AVAILABILITY,domains.list,/home/runner/work/firehol_level1/firehol_level1/domains.list,2021-01-24 10:28:16.495156
45.115.16.0,AVAILABILITY,domains.list,/home/runner/work/firehol_level1/firehol_level1/domains.list,2021-01-24 10:28:20.384220
45.117.52.0,AVAILABILITY,domains.list,/home/runner/work/firehol_level1/firehol_level1/domains.list,2021-01-24 10:28:27.131945
45.117.56.0,AVAILABILITY,domains.list,/home/runner/work/firehol_level1/firehol_level1/domains.list,2021-01-24 10:28:31.039505
45.117.132.0,AVAILABILITY,domains.list,/home/runner/work/firehol_level1/firehol_level1/domains.list,2021-01-24 10:28:35.095493
45.117.232.0,AVAILABILITY,domains.list,/home/runner/work/firehol_level1/firehol_level1/domains.list,2021-01-24 10:28:41.764356
45.119.40.0,AVAILABILITY,domains.list,/home/runner/work/firehol_level1/firehol_level1/domains.list,2021-01-24 10:29:03.748029
45.119.120.0,AVAILABILITY,domains.list,/home/runner/work/firehol_level1/firehol_level1/domains.list,2021-01-24 10:29:07.630770
45.121.204.0,AVAILABILITY,domains.list,/home/runner/work/firehol_level1/firehol_level1/domains.list,2021-01-24 10:29:11.854295
45.123.140.0,AVAILABILITY,domains.list,/home/runner/work/firehol_level1/firehol_level1/domains.list,2021-01-24 10:29:15.866620
45.126.40.0,AVAILABILITY,domains.list,/home/runner/work/firehol_level1/firehol_level1/domains.list,2021-01-24 10:29:19.749823
45.126.248.0,AVAILABILITY,domains.list,/home/runner/work/firehol_level1/firehol_level1/domains.list,2021-01-24 10:29:23.630767
45.130.100.0,AVAILABILITY,domains.list,/home/runner/work/firehol_level1/firehol_level1/domains.list,2021-01-24 10:29:27.573935
45.136.245.235,AVAILABILITY,domains.list,/home/runner/work/firehol_level1/firehol_level1/domains.list,2021-01-24 10:29:34.050227
45.142.120.0,AVAILABILITY,domains.list,/home/runner/work/firehol_level1/firehol_level1/domains.list,2021-01-24 10:29:47.998476
45.146.165.0,AVAILABILITY,domains.list,/home/runner/work/firehol_level1/firehol_level1/domains.list,2021-01-24 10:29:59.002245
45.155.205.0,AVAILABILITY,domains.list,/home/runner/work/firehol_level1/firehol_level1/domains.list,2021-01-24 10:30:02.885180
45.159.56.0,AVAILABILITY,domains.list,/home/runner/work/firehol_level1/firehol_level1/domains.list,2021-01-24 10:30:06.766604
45.190.220.0,AVAILABILITY,domains.list,/home/runner/work/firehol_level1/firehol_level1/domains.list,2021-01-24 10:30:10.719843
45.202.208.234,AVAILABILITY,domains.list,/home/runner/work/firehol_level1/firehol_level1/domains.list,2021-01-24 10:30:14.653645
45.204.37.242,AVAILABILITY,domains.list,/home/runner/work/firehol_level1/firehol_level1/domains.list,2021-01-24 10:30:18.590338
45.204.41.153,AVAILABILITY,domains.list,/home/runner/work/firehol_level1/firehol_level1/domains.list,2021-01-24 10:30:22.538134
45.220.64.0,AVAILABILITY,domains.list,/home/runner/work/firehol_level1/firehol_level1/domains.list,2021-01-24 10:30:40.532522
45.226.59.0,AVAILABILITY,domains.list,/home/runner/work/firehol_level1/firehol_level1/domains.list,2021-01-24 10:30:44.453881
45.249.224.0,AVAILABILITY,domains.list,/home/runner/work/firehol_level1/firehol_level1/domains.list,2021-01-24 10:30:48.371506
46.18.104.0,AVAILABILITY,domains.list,/home/runner/work/firehol_level1/firehol_level1/domains.list,2021-01-24 10:30:52.406663
46.102.177.0,AVAILABILITY,domains.list,/home/runner/work/firehol_level1/firehol_level1/domains.list,2021-01-24 10:31:09.191192
46.102.178.0,AVAILABILITY,domains.list,/home/runner/work/firehol_level1/firehol_level1/domains.list,2021-01-24 10:31:13.175524
46.102.180.0,AVAILABILITY,domains.list,/home/runner/work/firehol_level1/firehol_level1/domains.list,2021-01-24 10:31:17.528439
46.102.182.0,AVAILABILITY,domains.list,/home/runner/work/firehol_level1/firehol_level1/domains.list,2021-01-24 10:31:21.806907
46.102.190.0,AVAILABILITY,domains.list,/home/runner/work/firehol_level1/firehol_level1/domains.list,2021-01-24 10:31:25.819732
46.148.112.0,AVAILABILITY,domains.list,/home/runner/work/firehol_level1/firehol_level1/domains.list,2021-01-24 10:31:30.261769
46.148.120.0,AVAILABILITY,domains.list,/home/runner/work/firehol_level1/firehol_level1/domains.list,2021-01-24 10:31:34.429586
46.148.127.0,AVAILABILITY,domains.list,/home/runner/work/firehol_level1/firehol_level1/domains.list,2021-01-24 10:31:38.635995
46.161.27.0,AVAILABILITY,domains.list,/home/runner/work/firehol_level1/firehol_level1/domains.list,2021-01-24 10:31:42.610135
46.165.220.141,AVAILABILITY,domains.list,/home/runner/work/firehol_level1/firehol_level1/domains.list,2021-01-24 10:31:46.749130
46.165.220.142,AVAILABILITY,domains.list,/home/runner/work/firehol_level1/firehol_level1/domains.list,2021-01-24 10:31:50.866168
46.165.220.144,AVAILABILITY,domains.list,/home/runner/work/firehol_level1/firehol_level1/domains.list,2021-01-24 10:31:54.850024
46.165.220.152,AVAILABILITY,domains.list,/home/runner/work/firehol_level1/firehol_level1/domains.list,2021-01-24 10:31:59.013555
46.165.221.136,AVAILABILITY,domains.list,/home/runner/work/firehol_level1/firehol_level1/domains.list,2021-01-24 10:32:03.176798
46.165.221.144,AVAILABILITY,domains.list,/home/runner/work/firehol_level1/firehol_level1/domains.list,2021-01-24 10:32:07.296894
46.165.221.154,AVAILABILITY,domains.list,/home/runner/work/firehol_level1/firehol_level1/domains.list,2021-01-24 10:32:11.465281
46.165.229.164,AVAILABILITY,domains.list,/home/runner/work/firehol_level1/firehol_level1/domains.list,2021-01-24 10:32:15.788455
46.165.254.193,AVAILABILITY,domains.list,/home/runner/work/firehol_level1/firehol_level1/domains.list,2021-01-24 10:32:19.873231
46.165.254.194,AVAILABILITY,domains.list,/home/runner/work/firehol_level1/firehol_level1/domains.list,2021-01-24 10:32:23.888952
46.165.254.196,AVAILABILITY,domains.list,/home/runner/work/firehol_level1/firehol_level1/domains.list,2021-01-24 10:32:28.178682
46.165.254.200,AVAILABILITY,domains.list,/home/runner/work/firehol_level1/firehol_level1/domains.list,2021-01-24 10:32:32.232797
46.165.254.208,AVAILABILITY,domains.list,/home/runner/work/firehol_level1/firehol_level1/domains.list,2021-01-24 10:32:36.353344
46.165.254.212,AVAILABILITY,domains.list,/home/runner/work/firehol_level1/firehol_level1/domains.list,2021-01-24 10:32:40.455789
46.165.254.214,AVAILABILITY,domains.list,/home/runner/work/firehol_level1/firehol_level1/domains.list,2021-01-24 10:32:44.440578
46.173.212.0,AVAILABILITY,domains.list,/home/runner/work/firehol_level1/firehol_level1/domains.list,2021-01-24 10:32:55.637610
46.173.218.0,AVAILABILITY,domains.list,/home/runner/work/firehol_level1/firehol_level1/domains.list,2021-01-24 10:33:05.834048
46.174.204.0,AVAILABILITY,domains.list,/home/runner/work/firehol_level1/firehol_level1/domains.list,2021-01-24 10:33:09.931790
46.226.120.0,AVAILABILITY,domains.list,/home/runner/work/firehol_level1/firehol_level1/domains.list,2021-01-24 10:33:14.171333
46.232.192.0,AVAILABILITY,domains.list,/home/runner/work/firehol_level1/firehol_level1/domains.list,2021-01-24 10:33:18.194375
46.254.104.0,AVAILABILITY,domains.list,/home/runner/work/firehol_level1/firehol_level1/domains.list,2021-01-24 10:33:28.559614
49.143.248.0,AVAILABILITY,domains.list,/home/runner/work/firehol_level1/firehol_level1/domains.list,2021-01-24 10:33:32.563158
49.213.32.0,AVAILABILITY,domains.list,/home/runner/work/firehol_level1/firehol_level1/domains.list,2021-01-24 10:33:39.786020
49.238.64.0,AVAILABILITY,domains.list,/home/runner/work/firehol_level1/firehol_level1/domains.list,2021-01-24 10:33:43.780218
58.2.0.0,AVAILABILITY,domains.list,/home/runner/work/firehol_level1/firehol_level1/domains.list,2021-01-24 10:34:18.348661
58.14.0.0,AVAILABILITY,domains.list,/home/runner/work/firehol_level1/firehol_level1/domains.list,2021-01-24 10:34:22.910192
58.145.176.0,AVAILABILITY,domains.list,/home/runner/work/firehol_level1/firehol_level1/domains.list,2021-01-24 10:34:45.076292
59.153.60.0,AVAILABILITY,domains.list,/home/runner/work/firehol_level1/firehol_level1/domains.list,2021-01-24 10:34:49.053013
59.188.232.88,AVAILABILITY,domains.list,/home/runner/work/firehol_level1/firehol_level1/domains.list,2021-01-24 10:34:53.736302
59.191.232.0,AVAILABILITY,domains.list,/home/runner/work/firehol_level1/firehol_level1/domains.list,2021-01-24 10:35:14.969049
59.254.0.0,AVAILABILITY,domains.list,/home/runner/work/firehol_level1/firehol_level1/domains.list,2021-01-24 10:35:19.150433
61.11.224.0,AVAILABILITY,domains.list,/home/runner/work/firehol_level1/firehol_level1/domains.list,2021-01-24 10:35:23.183682
61.45.251.0,AVAILABILITY,domains.list,/home/runner/work/firehol_level1/firehol_level1/domains.list,2021-01-24 10:35:28.960755
62.106.64.0,AVAILABILITY,domains.list,/home/runner/work/firehol_level1/firehol_level1/domains.list,2021-01-24 10:35:36.498295
62.112.16.0,AVAILABILITY,domains.list,/home/runner/work/firehol_level1/firehol_level1/domains.list,2021-01-24 10:35:40.535286
62.122.184.0,AVAILABILITY,domains.list,/home/runner/work/firehol_level1/firehol_level1/domains.list,2021-01-24 10:35:44.613464
62.153.122.95,AVAILABILITY,domains.list,/home/runner/work/firehol_level1/firehol_level1/domains.list,2021-01-24 10:36:31.579507
62.204.32.0,AVAILABILITY,domains.list,/home/runner/work/firehol_level1/firehol_level1/domains.list,2021-01-24 10:36:35.733787
62.233.32.0,AVAILABILITY,domains.list,/home/runner/work/firehol_level1/firehol_level1/domains.list,2021-01-24 10:36:39.877220
63.251.106.29,AVAILABILITY,domains.list,/home/runner/work/firehol_level1/firehol_level1/domains.list,2021-01-24 10:36:44.038386
64.21.149.167,AVAILABILITY,domains.list,/home/runner/work/firehol_level1/firehol_level1/domains.list,2021-01-24 10:36:48.603326
64.92.224.0,AVAILABILITY,domains.list,/home/runner/work/firehol_level1/firehol_level1/domains.list,2021-01-24 10:37:06.519016
64.95.103.189,AVAILABILITY,domains.list,/home/runner/work/firehol_level1/firehol_level1/domains.list,2021-01-24 10:39:13.558192
64.207.140.209,AVAILABILITY,domains.list,/home/runner/work/firehol_level1/firehol_level1/domains.list,2021-01-24 10:39:20.756858
64.250.144.0,AVAILABILITY,domains.list,/home/runner/work/firehol_level1/firehol_level1/domains.list,2021-01-24 10:39:27.779483
65.97.48.0,AVAILABILITY,domains.list,/home/runner/work/firehol_level1/firehol_level1/domains.list,2021-01-24 10:39:48.242625
65.127.154.211,AVAILABILITY,domains.list,/home/runner/work/firehol_level1/firehol_level1/domains.list,2021-01-24 10:39:52.209606
67.23.117.19,AVAILABILITY,domains.list,/home/runner/work/firehol_level1/firehol_level1/domains.list,2021-01-24 10:40:09.238621
67.213.112.0,AVAILABILITY,domains.list,/home/runner/work/firehol_level1/firehol_level1/domains.list,2021-01-24 10:40:30.421896
67.229.184.183,AVAILABILITY,domains.list,/home/runner/work/firehol_level1/firehol_level1/domains.list,2021-01-24 10:40:34.720937
68.66.48.0,AVAILABILITY,domains.list,/home/runner/work/firehol_level1/firehol_level1/domains.list,2021-01-24 10:40:39.198736
68.71.58.245,AVAILABILITY,domains.list,/home/runner/work/firehol_level1/firehol_level1/domains.list,2021-01-24 10:40:46.444405
69.8.64.0,AVAILABILITY,domains.list,/home/runner/work/firehol_level1/firehol_level1/domains.list,2021-01-24 10:40:51.099039
69.8.96.0,AVAILABILITY,domains.list,/home/runner/work/firehol_level1/firehol_level1/domains.list,2021-01-24 10:40:55.471417
69.41.162.77,AVAILABILITY,domains.list,/home/runner/work/firehol_level1/firehol_level1/domains.list,2021-01-24 10:41:14.549697
69.87.176.0,AVAILABILITY,domains.list,/home/runner/work/firehol_level1/firehol_level1/domains.list,2021-01-24 10:41:18.603633
69.103.233.16,AVAILABILITY,domains.list,/home/runner/work/firehol_level1/firehol_level1/domains.list,2021-01-24 10:41:23.289281
69.191.176.179,AVAILABILITY,domains.list,/home/runner/work/firehol_level1/firehol_level1/domains.list,2021-01-24 10:41:27.286455
72.1.224.0,AVAILABILITY,domains.list,/home/runner/work/firehol_level1/firehol_level1/domains.list,2021-01-24 10:41:34.715301
72.5.161.7,AVAILABILITY,domains.list,/home/runner/work/firehol_level1/firehol_level1/domains.list,2021-01-24 10:41:38.630324
72.26.218.70,AVAILABILITY,domains.list,/home/runner/work/firehol_level1/firehol_level1/domains.list,2021-01-24 10:41:42.560348
74.114.148.0,AVAILABILITY,domains.list,/home/runner/work/firehol_level1/firehol_level1/domains.list,2021-01-24 10:41:50.775901
76.74.36.0,AVAILABILITY,domains.list,/home/runner/work/firehol_level1/firehol_level1/domains.list,2021-01-24 10:42:07.709600
76.191.0.0,AVAILABILITY,domains.list,/home/runner/work/firehol_level1/firehol_level1/domains.list,2021-01-24 10:42:11.736329
77.36.62.0,AVAILABILITY,domains.list,/home/runner/work/firehol_level1/firehol_level1/domains.list,2021-01-24 10:42:18.380540
77.72.80.0,AVAILABILITY,domains.list,/home/runner/work/firehol_level1/firehol_level1/domains.list,2021-01-24 10:42:22.384008
77.81.84.0,AVAILABILITY,domains.list,/home/runner/work/firehol_level1/firehol_level1/domains.list,2021-01-24 10:42:26.389411
77.81.86.0,AVAILABILITY,domains.list,/home/runner/work/firehol_level1/firehol_level1/domains.list,2021-01-24 10:42:30.671273
77.81.89.0,AVAILABILITY,domains.list,/home/runner/work/firehol_level1/firehol_level1/domains.list,2021-01-24 10:42:34.773781
77.81.90.0,AVAILABILITY,domains.list,/home/runner/work/firehol_level1/firehol_level1/domains.list,2021-01-24 10:42:38.845845
77.87.120.0,AVAILABILITY,domains.list,/home/runner/work/firehol_level1/firehol_level1/domains.list,2021-01-24 10:42:42.781996
77.246.240.0,AVAILABILITY,domains.list,/home/runner/work/firehol_level1/firehol_level1/domains.list,2021-01-24 10:42:53.380668
78.128.113.0,AVAILABILITY,domains.list,/home/runner/work/firehol_level1/firehol_level1/domains.list,2021-01-24 10:43:08.305042
79.110.22.0,AVAILABILITY,domains.list,/home/runner/work/firehol_level1/firehol_level1/domains.list,2021-01-24 10:43:12.327061
79.110.224.0,AVAILABILITY,domains.list,/home/runner/work/firehol_level1/firehol_level1/domains.list,2021-01-24 10:43:16.453856
81.177.165.51,AVAILABILITY,domains.list,/home/runner/work/firehol_level1/firehol_level1/domains.list,2021-01-24 10:44:05.670533
83.175.0.0,AVAILABILITY,domains.list,/home/runner/work/firehol_level1/firehol_level1/domains.list,2021-01-24 10:44:28.655464
84.238.160.0,AVAILABILITY,domains.list,/home/runner/work/firehol_level1/firehol_level1/domains.list,2021-01-24 10:44:35.937253
84.246.80.0,AVAILABILITY,domains.list,/home/runner/work/firehol_level1/firehol_level1/domains.list,2021-01-24 10:44:39.986293
84.246.104.0,AVAILABILITY,domains.list,/home/runner/work/firehol_level1/firehol_level1/domains.list,2021-01-24 10:44:44.267284
85.121.39.0,AVAILABILITY,domains.list,/home/runner/work/firehol_level1/firehol_level1/domains.list,2021-01-24 10:45:01.738585
85.153.44.0,AVAILABILITY,domains.list,/home/runner/work/firehol_level1/firehol_level1/domains.list,2021-01-24 10:45:09.148735
85.209.4.0,AVAILABILITY,domains.list,/home/runner/work/firehol_level1/firehol_level1/domains.list,2021-01-24 10:45:13.230063
86.55.40.0,AVAILABILITY,domains.list,/home/runner/work/firehol_level1/firehol_level1/domains.list,2021-01-24 10:45:20.684030
86.62.28.0,AVAILABILITY,domains.list,/home/runner/work/firehol_level1/firehol_level1/domains.list,2021-01-24 10:45:24.895005
86.104.0.0,AVAILABILITY,domains.list,/home/runner/work/firehol_level1/firehol_level1/domains.list,2021-01-24 10:45:28.976247
86.104.2.0,AVAILABILITY,domains.list,/home/runner/work/firehol_level1/firehol_level1/domains.list,2021-01-24 10:45:35.035170
86.104.212.0,AVAILABILITY,domains.list,/home/runner/work/firehol_level1/firehol_level1/domains.list,2021-01-24 10:45:41.805811
86.104.222.0,AVAILABILITY,domains.list,/home/runner/work/firehol_level1/firehol_level1/domains.list,2021-01-24 10:45:45.837027
86.104.224.0,AVAILABILITY,domains.list,/home/runner/work/firehol_level1/firehol_level1/domains.list,2021-01-24 10:45:49.913537
86.105.2.0,AVAILABILITY,domains.list,/home/runner/work/firehol_level1/firehol_level1/domains.list,2021-01-24 10:45:54.004692
86.105.6.0,AVAILABILITY,domains.list,/home/runner/work/firehol_level1/firehol_level1/domains.list,2021-01-24 10:45:58.199189
86.105.176.0,AVAILABILITY,domains.list,/home/runner/work/firehol_level1/firehol_level1/domains.list,2021-01-24 10:46:02.199610
86.105.178.0,AVAILABILITY,domains.list,/home/runner/work/firehol_level1/firehol_level1/domains.list,2021-01-24 10:46:07.434077
86.105.184.0,AVAILABILITY,domains.list,/home/runner/work/firehol_level1/firehol_level1/domains.list,2021-01-24 10:46:11.603107
86.105.186.0,AVAILABILITY,domains.list,/home/runner/work/firehol_level1/firehol_level1/domains.list,2021-01-24 10:46:15.683904
86.105.229.0,AVAILABILITY,domains.list,/home/runner/work/firehol_level1/firehol_level1/domains.list,2021-01-24 10:46:19.677313
86.105.230.0,AVAILABILITY,domains.list,/home/runner/work/firehol_level1/firehol_level1/domains.list,2021-01-24 10:46:23.718722
86.105.242.0,AVAILABILITY,domains.list,/home/runner/work/firehol_level1/firehol_level1/domains.list,2021-01-24 10:46:27.721536
86.106.10.0,AVAILABILITY,domains.list,/home/runner/work/firehol_level1/firehol_level1/domains.list,2021-01-24 10:46:31.707833
86.106.13.0,AVAILABILITY,domains.list,/home/runner/work/firehol_level1/firehol_level1/domains.list,2021-01-24 10:46:35.756644
86.106.14.0,AVAILABILITY,domains.list,/home/runner/work/firehol_level1/firehol_level1/domains.list,2021-01-24 10:46:39.847848
86.106.94.0,AVAILABILITY,domains.list,/home/runner/work/firehol_level1/firehol_level1/domains.list,2021-01-24 10:46:43.887237
86.106.106.0,AVAILABILITY,domains.list,/home/runner/work/firehol_level1/firehol_level1/domains.list,2021-01-24 10:46:51.139750
86.106.109.0,AVAILABILITY,domains.list,/home/runner/work/firehol_level1/firehol_level1/domains.list,2021-01-24 10:46:55.135613
86.106.110.0,AVAILABILITY,domains.list,/home/runner/work/firehol_level1/firehol_level1/domains.list,2021-01-24 10:46:59.152459
86.106.114.0,AVAILABILITY,domains.list,/home/runner/work/firehol_level1/firehol_level1/domains.list,2021-01-24 10:47:03.180823
86.106.116.0,AVAILABILITY,domains.list,/home/runner/work/firehol_level1/firehol_level1/domains.list,2021-01-24 10:47:07.270991
86.106.118.0,AVAILABILITY,domains.list,/home/runner/work/firehol_level1/firehol_level1/domains.list,2021-01-24 10:47:11.265800
86.106.138.0,AVAILABILITY,domains.list,/home/runner/work/firehol_level1/firehol_level1/domains.list,2021-01-24 10:47:15.395252
86.106.140.0,AVAILABILITY,domains.list,/home/runner/work/firehol_level1/firehol_level1/domains.list,2021-01-24 10:47:19.470116
86.106.174.0,AVAILABILITY,domains.list,/home/runner/work/firehol_level1/firehol_level1/domains.list,2021-01-24 10:47:23.819986
86.107.72.0,AVAILABILITY,domains.list,/home/runner/work/firehol_level1/firehol_level1/domains.list,2021-01-24 10:47:27.938654
86.107.193.0,AVAILABILITY,domains.list,/home/runner/work/firehol_level1/firehol_level1/domains.list,2021-01-24 10:47:32.044466
86.107.194.0,AVAILABILITY,domains.list,/home/runner/work/firehol_level1/firehol_level1/domains.list,2021-01-24 10:47:36.140748
87.236.144.0,AVAILABILITY,domains.list,/home/runner/work/firehol_level1/firehol_level1/domains.list,2021-01-24 10:47:43.453445
87.236.160.0,AVAILABILITY,domains.list,/home/runner/work/firehol_level1/firehol_level1/domains.list,2021-01-24 10:47:47.564148
88.218.16.0,AVAILABILITY,domains.list,/home/runner/work/firehol_level1/firehol_level1/domains.list,2021-01-24 10:47:54.702141
88.218.40.0,AVAILABILITY,domains.list,/home/runner/work/firehol_level1/firehol_level1/domains.list,2021-01-24 10:48:00.210122
88.218.148.0,AVAILABILITY,domains.list,/home/runner/work/firehol_level1/firehol_level1/domains.list,2021-01-24 10:48:04.212818
89.32.43.0,AVAILABILITY,domains.list,/home/runner/work/firehol_level1/firehol_level1/domains.list,2021-01-24 10:48:11.363736
89.32.170.0,AVAILABILITY,domains.list,/home/runner/work/firehol_level1/firehol_level1/domains.list,2021-01-24 10:48:15.380256
89.32.202.0,AVAILABILITY,domains.list,/home/runner/work/firehol_level1/firehol_level1/domains.list,2021-01-24 10:48:19.448745
89.33.46.0,AVAILABILITY,domains.list,/home/runner/work/firehol_level1/firehol_level1/domains.list,2021-01-24 10:48:23.586504
89.33.116.0,AVAILABILITY,domains.list,/home/runner/work/firehol_level1/firehol_level1/domains.list,2021-01-24 10:48:30.080787
89.33.198.0,AVAILABILITY,domains.list,/home/runner/work/firehol_level1/firehol_level1/domains.list,2021-01-24 10:48:37.420389
89.33.200.0,AVAILABILITY,domains.list,/home/runner/work/firehol_level1/firehol_level1/domains.list,2021-01-24 10:48:41.529246
89.33.250.0,AVAILABILITY,domains.list,/home/runner/work/firehol_level1/firehol_level1/domains.list,2021-01-24 10:48:49.168515
89.33.254.0,AVAILABILITY,domains.list,/home/runner/work/firehol_level1/firehol_level1/domains.list,2021-01-24 10:48:53.178730
89.34.0.0,AVAILABILITY,domains.list,/home/runner/work/firehol_level1/firehol_level1/domains.list,2021-01-24 10:48:57.262691
89.34.4.0,AVAILABILITY,domains.list,/home/runner/work/firehol_level1/firehol_level1/domains.list,2021-01-24 10:49:01.304111
89.34.74.0,AVAILABILITY,domains.list,/home/runner/work/firehol_level1/firehol_level1/domains.list,2021-01-24 10:49:06.198282
89.34.102.0,AVAILABILITY,domains.list,/home/runner/work/firehol_level1/firehol_level1/domains.list,2021-01-24 10:49:10.304261
89.34.104.0,AVAILABILITY,domains.list,/home/runner/work/firehol_level1/firehol_level1/domains.list,2021-01-24 10:49:14.311922
89.35.54.0,AVAILABILITY,domains.list,/home/runner/work/firehol_level1/firehol_level1/domains.list,2021-01-24 10:49:18.418301
89.35.89.0,AVAILABILITY,domains.list,/home/runner/work/firehol_level1/firehol_level1/domains.list,2021-01-24 10:49:22.418815
89.35.90.0,AVAILABILITY,domains.list,/home/runner/work/firehol_level1/firehol_level1/domains.list,2021-01-24 10:49:26.789317
89.36.38.0,AVAILABILITY,domains.list,/home/runner/work/firehol_level1/firehol_level1/domains.list,2021-01-24 10:49:31.013266
89.36.136.0,AVAILABILITY,domains.list,/home/runner/work/firehol_level1/firehol_level1/domains.list,2021-01-24 10:49:35.290641
89.36.138.0,AVAILABILITY,domains.list,/home/runner/work/firehol_level1/firehol_level1/domains.list,2021-01-24 10:49:39.438890
89.36.141.0,AVAILABILITY,domains.list,/home/runner/work/firehol_level1/firehol_level1/domains.list,2021-01-24 10:49:43.660764
89.37.92.0,AVAILABILITY,domains.list,/home/runner/work/firehol_level1/firehol_level1/domains.list,2021-01-24 10:49:47.959139
89.37.94.0,AVAILABILITY,domains.list,/home/runner/work/firehol_level1/firehol_level1/domains.list,2021-01-24 10:49:52.090320
89.37.96.0,AVAILABILITY,domains.list,/home/runner/work/firehol_level1/firehol_level1/domains.list,2021-01-24 10:49:56.071581
89.37.130.0,AVAILABILITY,domains.list,/home/runner/work/firehol_level1/firehol_level1/domains.list,2021-01-24 10:50:03.643769
89.37.132.0,AVAILABILITY,domains.list,/home/runner/work/firehol_level1/firehol_level1/domains.list,2021-01-24 10:50:07.724858
89.37.134.0,AVAILABILITY,domains.list,/home/runner/work/firehol_level1/firehol_level1/domains.list,2021-01-24 10:50:11.719285
89.38.240.0,AVAILABILITY,domains.list,/home/runner/work/firehol_level1/firehol_level1/domains.list,2021-01-24 10:50:15.757529
89.39.69.0,AVAILABILITY,domains.list,/home/runner/work/firehol_level1/firehol_level1/domains.list,2021-01-24 10:50:19.774227
89.39.212.0,AVAILABILITY,domains.list,/home/runner/work/firehol_level1/firehol_level1/domains.list,2021-01-24 10:50:23.791110
89.39.215.0,AVAILABILITY,domains.list,/home/runner/work/firehol_level1/firehol_level1/domains.list,2021-01-24 10:50:27.810755
89.39.241.0,AVAILABILITY,domains.list,/home/runner/work/firehol_level1/firehol_level1/domains.list,2021-01-24 10:50:31.836943
89.40.138.0,AVAILABILITY,domains.list,/home/runner/work/firehol_level1/firehol_level1/domains.list,2021-01-24 10:50:35.851087
89.40.140.0,AVAILABILITY,domains.list,/home/runner/work/firehol_level1/firehol_level1/domains.list,2021-01-24 10:50:40.007378
89.40.207.0,AVAILABILITY,domains.list,/home/runner/work/firehol_level1/firehol_level1/domains.list,2021-01-24 10:50:44.198112
89.40.209.0,AVAILABILITY,domains.list,/home/runner/work/firehol_level1/firehol_level1/domains.list,2021-01-24 10:50:48.120910
89.41.27.0,AVAILABILITY,domains.list,/home/runner/work/firehol_level1/firehol_level1/domains.list,2021-01-24 10:50:52.146475
89.41.28.0,AVAILABILITY,domains.list,/home/runner/work/firehol_level1/firehol_level1/domains.list,2021-01-24 10:50:58.035440
89.41.49.0,AVAILABILITY,domains.list,/home/runner/work/firehol_level1/firehol_level1/domains.list,2021-01-24 10:51:02.199178
89.41.50.0,AVAILABILITY,domains.list,/home/runner/work/firehol_level1/firehol_level1/domains.list,2021-01-24 10:51:06.213311
89.41.189.0,AVAILABILITY,domains.list,/home/runner/work/firehol_level1/firehol_level1/domains.list,2021-01-24 10:51:12.153201
89.41.190.0,AVAILABILITY,domains.list,/home/runner/work/firehol_level1/firehol_level1/domains.list,2021-01-24 10:51:16.199488
89.42.10.0,AVAILABILITY,domains.list,/home/runner/work/firehol_level1/firehol_level1/domains.list,2021-01-24 10:51:20.190627
89.42.152.0,AVAILABILITY,domains.list,/home/runner/work/firehol_level1/firehol_level1/domains.list,2021-01-24 10:51:24.292775
89.42.154.0,AVAILABILITY,domains.list,/home/runner/work/firehol_level1/firehol_level1/domains.list,2021-01-24 10:51:28.401145
89.45.82.0,AVAILABILITY,domains.list,/home/runner/work/firehol_level1/firehol_level1/domains.list,2021-01-24 10:51:32.397922
89.46.47.0,AVAILABILITY,domains.list,/home/runner/work/firehol_level1/firehol_level1/domains.list,2021-01-24 10:51:36.330754
89.107.8.0,AVAILABILITY,domains.list,/home/runner/work/firehol_level1/firehol_level1/domains.list,2021-01-24 10:51:43.655430
89.223.109.60,AVAILABILITY,domains.list,/home/runner/work/firehol_level1/firehol_level1/domains.list,2021-01-24 10:51:51.024288
89.248.165.0,AVAILABILITY,domains.list,/home/runner/work/firehol_level1/firehol_level1/domains.list,2021-01-24 10:51:55.988020
91.132.164.0,AVAILABILITY,domains.list,/home/runner/work/firehol_level1/firehol_level1/domains.list,2021-01-24 10:52:06.360239
91.190.152.0,AVAILABILITY,domains.list,/home/runner/work/firehol_level1/firehol_level1/domains.list,2021-01-24 10:52:13.485449
91.193.75.0,AVAILABILITY,domains.list,/home/runner/work/firehol_level1/firehol_level1/domains.list,2021-01-24 10:52:17.626804
91.195.240.13,AVAILABILITY,domains.list,/home/runner/work/firehol_level1/firehol_level1/domains.list,2021-01-24 10:52:21.660686
91.195.240.82,AVAILABILITY,domains.list,/home/runner/work/firehol_level1/firehol_level1/domains.list,2021-01-24 10:52:25.626521
91.195.240.87,AVAILABILITY,domains.list,/home/runner/work/firehol_level1/firehol_level1/domains.list,2021-01-24 10:52:29.626903
91.197.196.0,AVAILABILITY,domains.list,/home/runner/work/firehol_level1/firehol_level1/domains.list,2021-01-24 10:52:33.883910
91.200.12.0,AVAILABILITY,domains.list,/home/runner/work/firehol_level1/firehol_level1/domains.list,2021-01-24 10:52:41.538523
91.200.81.0,AVAILABILITY,domains.list,/home/runner/work/firehol_level1/firehol_level1/domains.list,2021-01-24 10:52:45.466766
91.200.82.0,AVAILABILITY,domains.list,/home/runner/work/firehol_level1/firehol_level1/domains.list,2021-01-24 10:52:49.727615
91.200.133.0,AVAILABILITY,domains.list,/home/runner/work/firehol_level1/firehol_level1/domains.list,2021-01-24 10:52:53.862438
91.200.164.0,AVAILABILITY,domains.list,/home/runner/work/firehol_level1/firehol_level1/domains.list,2021-01-24 10:53:10.052764
91.203.192.0,AVAILABILITY,domains.list,/home/runner/work/firehol_level1/firehol_level1/domains.list,2021-01-24 10:53:19.584951
91.212.28.29,AVAILABILITY,domains.list,/home/runner/work/firehol_level1/firehol_level1/domains.list,2021-01-24 10:53:25.546930
91.216.3.0,AVAILABILITY,domains.list,/home/runner/work/firehol_level1/firehol_level1/domains.list,2021-01-24 10:53:29.533011
91.218.236.0,AVAILABILITY,domains.list,/home/runner/work/firehol_level1/firehol_level1/domains.list,2021-01-24 10:53:33.439955
91.220.163.0,AVAILABILITY,domains.list,/home/runner/work/firehol_level1/firehol_level1/domains.list,2021-01-24 10:53:37.511141
91.229.52.0,AVAILABILITY,domains.list,/home/runner/work/firehol_level1/firehol_level1/domains.list,2021-01-24 10:53:44.923498
91.232.18.0,AVAILABILITY,domains.list,/home/runner/work/firehol_level1/firehol_level1/domains.list,2021-01-24 10:53:49.072865
91.235.130.0,AVAILABILITY,domains.list,/home/runner/work/firehol_level1/firehol_level1/domains.list,2021-01-24 10:53:56.478413
91.243.93.0,AVAILABILITY,domains.list,/home/runner/work/firehol_level1/firehol_level1/domains.list,2021-01-24 10:54:00.580277
91.246.176.0,AVAILABILITY,domains.list,/home/runner/work/firehol_level1/firehol_level1/domains.list,2021-01-24 10:54:04.702938
91.246.200.0,AVAILABILITY,domains.list,/home/runner/work/firehol_level1/firehol_level1/domains.list,2021-01-24 10:54:08.687487
92.63.197.0,AVAILABILITY,domains.list,/home/runner/work/firehol_level1/firehol_level1/domains.list,2021-01-24 10:54:22.577521
93.93.200.0,AVAILABILITY,domains.list,/home/runner/work/firehol_level1/firehol_level1/domains.list,2021-01-24 10:54:33.333117
93.114.51.0,AVAILABILITY,domains.list,/home/runner/work/firehol_level1/firehol_level1/domains.list,2021-01-24 10:54:37.329519
93.114.52.0,AVAILABILITY,domains.list,/home/runner/work/firehol_level1/firehol_level1/domains.list,2021-01-24 10:54:41.333346
93.114.54.0,AVAILABILITY,domains.list,/home/runner/work/firehol_level1/firehol_level1/domains.list,2021-01-24 10:54:45.581319
93.114.58.0,AVAILABILITY,domains.list,/home/runner/work/firehol_level1/firehol_level1/domains.list,2021-01-24 10:54:49.596196
93.115.59.0,AVAILABILITY,domains.list,/home/runner/work/firehol_level1/firehol_level1/domains.list,2021-01-24 10:54:53.507020
93.119.118.0,AVAILABILITY,domains.list,/home/runner/work/firehol_level1/firehol_level1/domains.list,2021-01-24 10:54:57.569235
93.119.120.0,AVAILABILITY,domains.list,/home/runner/work/firehol_level1/firehol_level1/domains.list,2021-01-24 10:55:01.646569
93.119.124.0,AVAILABILITY,domains.list,/home/runner/work/firehol_level1/firehol_level1/domains.list,2021-01-24 10:55:05.760423
93.120.34.0,AVAILABILITY,domains.list,/home/runner/work/firehol_level1/firehol_level1/domains.list,2021-01-24 10:55:09.821382
93.120.46.0,AVAILABILITY,domains.list,/home/runner/work/firehol_level1/firehol_level1/domains.list,2021-01-24 10:55:13.839221
93.157.104.0,AVAILABILITY,domains.list,/home/runner/work/firehol_level1/firehol_level1/domains.list,2021-01-24 10:55:17.932775
94.124.72.0,AVAILABILITY,domains.list,/home/runner/work/firehol_level1/firehol_level1/domains.list,2021-01-24 10:55:28.531310
94.131.228.0,AVAILABILITY,domains.list,/home/runner/work/firehol_level1/firehol_level1/domains.list,2021-01-24 10:55:35.843793
94.154.32.0,AVAILABILITY,domains.list,/home/runner/work/firehol_level1/firehol_level1/domains.list,2021-01-24 10:55:45.874349
94.154.112.0,AVAILABILITY,domains.list,/home/runner/work/firehol_level1/firehol_level1/domains.list,2021-01-24 10:55:49.875699
94.232.46.0,AVAILABILITY,domains.list,/home/runner/work/firehol_level1/firehol_level1/domains.list,2021-01-24 10:56:00.105093
94.247.136.0,AVAILABILITY,domains.list,/home/runner/work/firehol_level1/firehol_level1/domains.list,2021-01-24 10:56:05.120231
95.130.224.0,AVAILABILITY,domains.list,/home/runner/work/firehol_level1/firehol_level1/domains.list,2021-01-24 10:56:09.129510
96.45.144.0,AVAILABILITY,domains.list,/home/runner/work/firehol_level1/firehol_level1/domains.list,2021-01-24 10:56:16.184952
98.143.192.0,AVAILABILITY,domains.list,/home/runner/work/firehol_level1/firehol_level1/domains.list,2021-01-24 10:56:24.759085
101.42.0.0,AVAILABILITY,domains.list,/home/runner/work/firehol_level1/firehol_level1/domains.list,2021-01-24 10:56:28.694071
101.101.96.0,AVAILABILITY,domains.list,/home/runner/work/firehol_level1/firehol_level1/domains.list,2021-01-24 10:56:32.862516
101.134.0.0,AVAILABILITY,domains.list,/home/runner/work/firehol_level1/firehol_level1/domains.list,2021-01-24 10:56:36.852141
101.192.0.0,AVAILABILITY,domains.list,/home/runner/work/firehol_level1/firehol_level1/domains.list,2021-01-24 10:56:40.995310
101.203.128.0,AVAILABILITY,domains.list,/home/runner/work/firehol_level1/firehol_level1/domains.list,2021-01-24 10:56:44.999074
101.248.0.0,AVAILABILITY,domains.list,/home/runner/work/firehol_level1/firehol_level1/domains.list,2021-01-24 10:56:48.961173
102.192.0.0,AVAILABILITY,domains.list,/home/runner/work/firehol_level1/firehol_level1/domains.list,2021-01-24 10:56:53.075244
102.208.0.0,AVAILABILITY,domains.list,/home/runner/work/firehol_level1/firehol_level1/domains.list,2021-01-24 10:56:57.153362
102.216.0.0,AVAILABILITY,domains.list,/home/runner/work/firehol_level1/firehol_level1/domains.list,2021-01-24 10:57:01.234587
102.220.0.0,AVAILABILITY,domains.list,/home/runner/work/firehol_level1/firehol_level1/domains.list,2021-01-24 10:57:05.155572
102.221.40.0,AVAILABILITY,domains.list,/home/runner/work/firehol_level1/firehol_level1/domains.list,2021-01-24 10:57:09.041954
102.221.114.0,AVAILABILITY,domains.list,/home/runner/work/firehol_level1/firehol_level1/domains.list,2021-01-24 10:57:13.167535
102.221.132.0,AVAILABILITY,domains.list,/home/runner/work/firehol_level1/firehol_level1/domains.list,2021-01-24 10:57:17.321975
102.221.136.0,AVAILABILITY,domains.list,/home/runner/work/firehol_level1/firehol_level1/domains.list,2021-01-24 10:57:21.373550
102.221.152.0,AVAILABILITY,domains.list,/home/runner/work/firehol_level1/firehol_level1/domains.list,2021-01-24 10:57:25.512641
102.223.180.0,AVAILABILITY,domains.list,/home/runner/work/firehol_level1/firehol_level1/domains.list,2021-01-24 10:57:29.515600
102.223.184.0,AVAILABILITY,domains.list,/home/runner/work/firehol_level1/firehol_level1/domains.list,2021-01-24 10:57:33.592132
102.228.0.0,AVAILABILITY,domains.list,/home/runner/work/firehol_level1/firehol_level1/domains.list,2021-01-24 10:57:37.498371
102.232.0.0,AVAILABILITY,domains.list,/home/runner/work/firehol_level1/firehol_level1/domains.list,2021-01-24 10:57:41.604542
102.240.0.0,AVAILABILITY,domains.list,/home/runner/work/firehol_level1/firehol_level1/domains.list,2021-01-24 10:57:45.592714
103.1.156.0,AVAILABILITY,domains.list,/home/runner/work/firehol_level1/firehol_level1/domains.list,2021-01-24 10:57:49.673122
103.4.76.0,AVAILABILITY,domains.list,/home/runner/work/firehol_level1/firehol_level1/domains.list,2021-01-24 10:57:53.691194
103.4.80.0,AVAILABILITY,domains.list,/home/runner/work/firehol_level1/firehol_level1/domains.list,2021-01-24 10:57:57.690101
103.4.135.0,AVAILABILITY,domains.list,/home/runner/work/firehol_level1/firehol_level1/domains.list,2021-01-24 10:58:01.798629
103.4.217.55,AVAILABILITY,domains.list,/home/runner/work/firehol_level1/firehol_level1/domains.list,2021-01-24 10:58:16.837571
103.5.149.0,AVAILABILITY,domains.list,/home/runner/work/firehol_level1/firehol_level1/domains.list,2021-01-24 10:58:20.820414
103.5.216.0,AVAILABILITY,domains.list,/home/runner/work/firehol_level1/firehol_level1/domains.list,2021-01-24 10:58:24.803453
103.6.119.0,AVAILABILITY,domains.list,/home/runner/work/firehol_level1/firehol_level1/domains.list,2021-01-24 10:58:28.974963
103.6.120.0,AVAILABILITY,domains.list,/home/runner/work/firehol_level1/firehol_level1/domains.list,2021-01-24 10:58:32.984907
103.6.160.0,AVAILABILITY,domains.list,/home/runner/work/firehol_level1/firehol_level1/domains.list,2021-01-24 10:58:36.944318
103.6.166.0,AVAILABILITY,domains.list,/home/runner/work/firehol_level1/firehol_level1/domains.list,2021-01-24 10:58:40.944453
103.6.232.0,AVAILABILITY,domains.list,/home/runner/work/firehol_level1/firehol_level1/domains.list,2021-01-24 10:58:45.229840
103.7.2.0,AVAILABILITY,domains.list,/home/runner/work/firehol_level1/firehol_level1/domains.list,2021-01-24 10:58:49.242066
103.7.120.0,AVAILABILITY,domains.list,/home/runner/work/firehol_level1/firehol_level1/domains.list,2021-01-24 10:58:53.491241
103.7.192.0,AVAILABILITY,domains.list,/home/runner/work/firehol_level1/firehol_level1/domains.list,2021-01-24 10:58:57.499760
103.8.64.0,AVAILABILITY,domains.list,/home/runner/work/firehol_level1/firehol_level1/domains.list,2021-01-24 10:59:01.492734
103.8.184.0,AVAILABILITY,domains.list,/home/runner/work/firehol_level1/firehol_level1/domains.list,2021-01-24 10:59:05.531567
103.8.192.0,AVAILABILITY,domains.list,/home/runner/work/firehol_level1/firehol_level1/domains.list,2021-01-24 10:59:09.737752
103.9.140.0,AVAILABILITY,domains.list,/home/runner/work/firehol_level1/firehol_level1/domains.list,2021-01-24 10:59:51.845895
103.10.68.0,AVAILABILITY,domains.list,/home/runner/work/firehol_level1/firehol_level1/domains.list,2021-01-24 10:59:55.934853
103.10.108.0,AVAILABILITY,domains.list,/home/runner/work/firehol_level1/firehol_level1/domains.list,2021-01-24 10:59:59.818875
103.10.111.0,AVAILABILITY,domains.list,/home/runner/work/firehol_level1/firehol_level1/domains.list,2021-01-24 11:00:03.774811
103.10.127.0,AVAILABILITY,domains.list,/home/runner/work/firehol_level1/firehol_level1/domains.list,2021-01-24 11:00:08.964577
103.10.192.0,AVAILABILITY,domains.list,/home/runner/work/firehol_level1/firehol_level1/domains.list,2021-01-24 11:00:12.941630
103.11.196.0,AVAILABILITY,domains.list,/home/runner/work/firehol_level1/firehol_level1/domains.list,2021-01-24 11:00:16.942999
103.12.0.0,AVAILABILITY,domains.list,/home/runner/work/firehol_level1/firehol_level1/domains.list,2021-01-24 11:00:20.967387
103.12.85.0,AVAILABILITY,domains.list,/home/runner/work/firehol_level1/firehol_level1/domains.list,2021-01-24 11:00:25.117927
103.12.180.0,AVAILABILITY,domains.list,/home/runner/work/firehol_level1/firehol_level1/domains.list,2021-01-24 11:00:29.247352
103.12.204.0,AVAILABILITY,domains.list,/home/runner/work/firehol_level1/firehol_level1/domains.list,2021-01-24 11:00:33.588062
103.12.224.0,AVAILABILITY,domains.list,/home/runner/work/firehol_level1/firehol_level1/domains.list,2021-01-24 11:00:37.719748
103.12.244.0,AVAILABILITY,domains.list,/home/runner/work/firehol_level1/firehol_level1/domains.list,2021-01-24 11:00:41.736873
103.13.4.0,AVAILABILITY,domains.list,/home/runner/work/firehol_level1/firehol_level1/domains.list,2021-01-24 11:00:45.821457
103.13.40.0,AVAILABILITY,domains.list,/home/runner/work/firehol_level1/firehol_level1/domains.list,2021-01-24 11:00:49.907375
103.13.72.0,AVAILABILITY,domains.list,/home/runner/work/firehol_level1/firehol_level1/domains.list,2021-01-24 11:00:54.117699
103.13.136.0,AVAILABILITY,domains.list,/home/runner/work/firehol_level1/firehol_level1/domains.list,2021-01-24 11:00:58.197743
103.13.164.0,AVAILABILITY,domains.list,/home/runner/work/firehol_level1/firehol_level1/domains.list,2021-01-24 11:01:02.260916
103.13.182.0,AVAILABILITY,domains.list,/home/runner/work/firehol_level1/firehol_level1/domains.list,2021-01-24 11:01:06.654103
103.13.192.0,AVAILABILITY,domains.list,/home/runner/work/firehol_level1/firehol_level1/domains.list,2021-01-24 11:01:10.810977
103.13.204.0,AVAILABILITY,domains.list,/home/runner/work/firehol_level1/firehol_level1/domains.list,2021-01-24 11:01:14.937088
103.13.232.0,AVAILABILITY,domains.list,/home/runner/work/firehol_level1/firehol_level1/domains.list,2021-01-24 11:01:18.948534
103.14.0.0,AVAILABILITY,domains.list,/home/runner/work/firehol_level1/firehol_level1/domains.list,2021-01-24 11:01:22.986166
103.14.22.0,AVAILABILITY,domains.list,/home/runner/work/firehol_level1/firehol_level1/domains.list,2021-01-24 11:01:26.997850
103.14.48.0,AVAILABILITY,domains.list,/home/runner/work/firehol_level1/firehol_level1/domains.list,2021-01-24 11:01:30.990858
103.14.56.0,AVAILABILITY,domains.list,/home/runner/work/firehol_level1/firehol_level1/domains.list,2021-01-24 11:01:35.073428
103.14.148.0,AVAILABILITY,domains.list,/home/runner/work/firehol_level1/firehol_level1/domains.list,2021-01-24 11:01:39.267104
103.14.150.0,AVAILABILITY,domains.list,/home/runner/work/firehol_level1/firehol_level1/domains.list,2021-01-24 11:01:43.275151
103.14.154.0,AVAILABILITY,domains.list,/home/runner/work/firehol_level1/firehol_level1/domains.list,2021-01-24 11:01:47.396779
103.14.168.0,AVAILABILITY,domains.list,/home/runner/work/firehol_level1/firehol_level1/domains.list,2021-01-24 11:01:51.565142
103.14.208.0,AVAILABILITY,domains.list,/home/runner/work/firehol_level1/firehol_level1/domains.list,2021-01-24 11:01:57.853200
103.14.224.0,AVAILABILITY,domains.list,/home/runner/work/firehol_level1/firehol_level1/domains.list,2021-01-24 11:02:01.895693
103.14.231.0,AVAILABILITY,domains.list,/home/runner/work/firehol_level1/firehol_level1/domains.list,2021-01-24 11:02:05.865850
103.15.12.0,AVAILABILITY,domains.list,/home/runner/work/firehol_level1/firehol_level1/domains.list,2021-01-24 11:02:09.962666
103.15.38.0,AVAILABILITY,domains.list,/home/runner/work/firehol_level1/firehol_level1/domains.list,2021-01-24 11:02:14.201252
103.15.88.0,AVAILABILITY,domains.list,/home/runner/work/firehol_level1/firehol_level1/domains.list,2021-01-24 11:02:18.255495
103.15.156.0,AVAILABILITY,domains.list,/home/runner/work/firehol_level1/firehol_level1/domains.list,2021-01-24 11:02:22.269167
103.15.160.0,AVAILABILITY,domains.list,/home/runner/work/firehol_level1/firehol_level1/domains.list,2021-01-24 11:02:26.328823
103.15.212.0,AVAILABILITY,domains.list,/home/runner/work/firehol_level1/firehol_level1/domains.list,2021-01-24 11:02:30.458507
103.15.220.0,AVAILABILITY,domains.list,/home/runner/work/firehol_level1/firehol_level1/domains.list,2021-01-24 11:02:34.672047
103.15.227.0,AVAILABILITY,domains.list,/home/runner/work/firehol_level1/firehol_level1/domains.list,2021-01-24 11:02:38.818704
103.16.4.0,AVAILABILITY,domains.list,/home/runner/work/firehol_level1/firehol_level1/domains.list,2021-01-24 11:02:42.879805
103.16.76.0,AVAILABILITY,domains.list,/home/runner/work/firehol_level1/firehol_level1/domains.list,2021-01-24 11:02:47.197351
103.16.116.0,AVAILABILITY,domains.list,/home/runner/work/firehol_level1/firehol_level1/domains.list,2021-01-24 11:02:51.350163
103.16.208.0,AVAILABILITY,domains.list,/home/runner/work/firehol_level1/firehol_level1/domains.list,2021-01-24 11:02:55.436862
103.16.212.0,AVAILABILITY,domains.list,/home/runner/work/firehol_level1/firehol_level1/domains.list,2021-01-24 11:02:59.549929
103.16.248.0,AVAILABILITY,domains.list,/home/runner/work/firehol_level1/firehol_level1/domains.list,2021-01-24 11:03:03.613658
103.17.4.0,AVAILABILITY,domains.list,/home/runner/work/firehol_level1/firehol_level1/domains.list,2021-01-24 11:03:07.609842
103.17.32.0,AVAILABILITY,domains.list,/home/runner/work/firehol_level1/firehol_level1/domains.list,2021-01-24 11:03:11.697140
103.17.148.0,AVAILABILITY,domains.list,/home/runner/work/firehol_level1/firehol_level1/domains.list,2021-01-24 11:03:15.794907
103.18.44.0,AVAILABILITY,domains.list,/home/runner/work/firehol_level1/firehol_level1/domains.list,2021-01-24 11:03:19.860703
103.18.112.0,AVAILABILITY,domains.list,/home/runner/work/firehol_level1/firehol_level1/domains.list,2021-01-24 11:03:23.812232
103.18.184.0,AVAILABILITY,domains.list,/home/runner/work/firehol_level1/firehol_level1/domains.list,2021-01-24 11:03:27.919414
103.18.188.0,AVAILABILITY,domains.list,/home/runner/work/firehol_level1/firehol_level1/domains.list,2021-01-24 11:03:32.047085
103.18.204.0,AVAILABILITY,domains.list,/home/runner/work/firehol_level1/firehol_level1/domains.list,2021-01-24 11:03:36.090378
103.18.232.0,AVAILABILITY,domains.list,/home/runner/work/firehol_level1/firehol_level1/domains.list,2021-01-24 11:03:40.341745
103.19.28.0,AVAILABILITY,domains.list,/home/runner/work/firehol_level1/firehol_level1/domains.list,2021-01-24 11:03:44.517758
103.19.48.0,AVAILABILITY,domains.list,/home/runner/work/firehol_level1/firehol_level1/domains.list,2021-01-24 11:03:48.698936
103.19.120.0,AVAILABILITY,domains.list,/home/runner/work/firehol_level1/firehol_level1/domains.list,2021-01-24 11:03:52.738141
103.19.156.0,AVAILABILITY,domains.list,/home/runner/work/firehol_level1/firehol_level1/domains.list,2021-01-24 11:03:56.981663
103.20.16.0,AVAILABILITY,domains.list,/home/runner/work/firehol_level1/firehol_level1/domains.list,2021-01-24 11:04:01.078031
103.20.50.0,AVAILABILITY,domains.list,/home/runner/work/firehol_level1/firehol_level1/domains.list,2021-01-24 11:04:05.224126
103.20.88.0,AVAILABILITY,domains.list,/home/runner/work/firehol_level1/firehol_level1/domains.list,2021-01-24 11:04:09.293001
103.20.96.0,AVAILABILITY,domains.list,/home/runner/work/firehol_level1/firehol_level1/domains.list,2021-01-24 11:04:13.271738
103.20.108.0,AVAILABILITY,domains.list,/home/runner/work/firehol_level1/firehol_level1/domains.list,2021-01-24 11:04:17.194394
103.20.198.0,AVAILABILITY,domains.list,/home/runner/work/firehol_level1/firehol_level1/domains.list,2021-01-24 11:04:21.350713
103.20.219.0,AVAILABILITY,domains.list,/home/runner/work/firehol_level1/firehol_level1/domains.list,2021-01-24 11:04:25.370037
103.20.228.0,AVAILABILITY,domains.list,/home/runner/work/firehol_level1/firehol_level1/domains.list,2021-01-24 11:04:29.516594
103.20.240.0,AVAILABILITY,domains.list,/home/runner/work/firehol_level1/firehol_level1/domains.list,2021-01-24 11:04:33.511069
103.20.244.0,AVAILABILITY,domains.list,/home/runner/work/firehol_level1/firehol_level1/domains.list,2021-01-24 11:04:37.537144
103.21.4.0,AVAILABILITY,domains.list,/home/runner/work/firehol_level1/firehol_level1/domains.list,2021-01-24 11:04:41.624274
103.21.68.0,AVAILABILITY,domains.list,/home/runner/work/firehol_level1/firehol_level1/domains.list,2021-01-24 11:04:45.774622
103.21.96.0,AVAILABILITY,domains.list,/home/runner/work/firehol_level1/firehol_level1/domains.list,2021-01-24 11:04:49.830509
103.21.188.0,AVAILABILITY,domains.list,/home/runner/work/firehol_level1/firehol_level1/domains.list,2021-01-24 11:04:53.953643
103.21.195.0,AVAILABILITY,domains.list,/home/runner/work/firehol_level1/firehol_level1/domains.list,2021-01-24 11:04:57.921780
103.21.220.0,AVAILABILITY,domains.list,/home/runner/work/firehol_level1/firehol_level1/domains.list,2021-01-24 11:05:02.308574
103.22.96.0,AVAILABILITY,domains.list,/home/runner/work/firehol_level1/firehol_level1/domains.list,2021-01-24 11:05:06.335783
103.22.216.0,AVAILABILITY,domains.list,/home/runner/work/firehol_level1/firehol_level1/domains.list,2021-01-24 11:05:10.505614
103.23.8.0,AVAILABILITY,domains.list,/home/runner/work/firehol_level1/firehol_level1/domains.list,2021-01-24 11:05:14.505407
103.23.28.0,AVAILABILITY,domains.list,/home/runner/work/firehol_level1/firehol_level1/domains.list,2021-01-24 11:05:18.691111
103.23.68.0,AVAILABILITY,domains.list,/home/runner/work/firehol_level1/firehol_level1/domains.list,2021-01-24 11:05:22.906050
103.23.88.0,AVAILABILITY,domains.list,/home/runner/work/firehol_level1/firehol_level1/domains.list,2021-01-24 11:05:28.096757
103.23.124.0,AVAILABILITY,domains.list,/home/runner/work/firehol_level1/firehol_level1/domains.list,2021-01-24 11:05:33.498071
103.23.148.0,AVAILABILITY,domains.list,/home/runner/work/firehol_level1/firehol_level1/domains.list,2021-01-24 11:05:37.574108
103.23.172.0,AVAILABILITY,domains.list,/home/runner/work/firehol_level1/firehol_level1/domains.list,2021-01-24 11:05:41.794890
103.23.196.0,AVAILABILITY,domains.list,/home/runner/work/firehol_level1/firehol_level1/domains.list,2021-01-24 11:05:45.785666
103.23.252.0,AVAILABILITY,domains.list,/home/runner/work/firehol_level1/firehol_level1/domains.list,2021-01-24 11:05:49.932014
103.24.52.0,AVAILABILITY,domains.list,/home/runner/work/firehol_level1/firehol_level1/domains.list,2021-01-24 11:05:53.996057
103.24.68.0,AVAILABILITY,domains.list,/home/runner/work/firehol_level1/firehol_level1/domains.list,2021-01-24 11:05:58.175398
103.24.78.0,AVAILABILITY,domains.list,/home/runner/work/firehol_level1/firehol_level1/domains.list,2021-01-24 11:06:02.333116
103.24.88.0,AVAILABILITY,domains.list,/home/runner/work/firehol_level1/firehol_level1/domains.list,2021-01-24 11:06:06.656654
103.24.192.0,AVAILABILITY,domains.list,/home/runner/work/firehol_level1/firehol_level1/domains.list,2021-01-24 11:06:10.636352
103.24.196.0,AVAILABILITY,domains.list,/home/runner/work/firehol_level1/firehol_level1/domains.list,2021-01-24 11:06:14.803716
103.24.232.0,AVAILABILITY,domains.list,/home/runner/work/firehol_level1/firehol_level1/domains.list,2021-01-24 11:06:21.561136
103.25.10.0,AVAILABILITY,domains.list,/home/runner/work/firehol_level1/firehol_level1/domains.list,2021-01-24 11:06:25.538189
103.25.164.0,AVAILABILITY,domains.list,/home/runner/work/firehol_level1/firehol_level1/domains.list,2021-01-24 11:06:29.834043
103.25.184.0,AVAILABILITY,domains.list,/home/runner/work/firehol_level1/firehol_level1/domains.list,2021-01-24 11:06:33.876344
103.25.220.0,AVAILABILITY,domains.list,/home/runner/work/firehol_level1/firehol_level1/domains.list,2021-01-24 11:06:37.876238
103.26.24.0,AVAILABILITY,domains.list,/home/runner/work/firehol_level1/firehol_level1/domains.list,2021-01-24 11:06:42.033484
103.26.116.0,AVAILABILITY,domains.list,/home/runner/work/firehol_level1/firehol_level1/domains.list,2021-01-24 11:06:46.106833
103.26.176.0,AVAILABILITY,domains.list,/home/runner/work/firehol_level1/firehol_level1/domains.list,2021-01-24 11:06:50.378701
103.26.188.0,AVAILABILITY,domains.list,/home/runner/work/firehol_level1/firehol_level1/domains.list,2021-01-24 11:06:54.432320
103.26.236.0,AVAILABILITY,domains.list,/home/runner/work/firehol_level1/firehol_level1/domains.list,2021-01-24 11:06:58.494672
103.27.192.0,AVAILABILITY,domains.list,/home/runner/work/firehol_level1/firehol_level1/domains.list,2021-01-24 11:07:02.549977
103.27.255.0,AVAILABILITY,domains.list,/home/runner/work/firehol_level1/firehol_level1/domains.list,2021-01-24 11:07:06.821110
103.28.16.0,AVAILABILITY,domains.list,/home/runner/work/firehol_level1/firehol_level1/domains.list,2021-01-24 11:07:10.897297
103.29.0.0,AVAILABILITY,domains.list,/home/runner/work/firehol_level1/firehol_level1/domains.list,2021-01-24 11:07:14.972720
103.29.8.0,AVAILABILITY,domains.list,/home/runner/work/firehol_level1/firehol_level1/domains.list,2021-01-24 11:07:18.957789
103.29.29.0,AVAILABILITY,domains.list,/home/runner/work/firehol_level1/firehol_level1/domains.list,2021-01-24 11:07:22.924276
103.29.60.0,AVAILABILITY,domains.list,/home/runner/work/firehol_level1/firehol_level1/domains.list,2021-01-24 11:07:27.089044
103.29.80.0,AVAILABILITY,domains.list,/home/runner/work/firehol_level1/firehol_level1/domains.list,2021-01-24 11:07:31.059804
103.29.180.0,AVAILABILITY,domains.list,/home/runner/work/firehol_level1/firehol_level1/domains.list,2021-01-24 11:07:35.281860
103.29.236.0,AVAILABILITY,domains.list,/home/runner/work/firehol_level1/firehol_level1/domains.list,2021-01-24 11:07:39.474911
103.30.8.0,AVAILABILITY,domains.list,/home/runner/work/firehol_level1/firehol_level1/domains.list,2021-01-24 11:07:43.362842
103.30.60.0,AVAILABILITY,domains.list,/home/runner/work/firehol_level1/firehol_level1/domains.list,2021-01-24 11:07:47.530274
103.30.72.0,AVAILABILITY,domains.list,/home/runner/work/firehol_level1/firehol_level1/domains.list,2021-01-24 11:07:51.675327
103.30.104.0,AVAILABILITY,domains.list,/home/runner/work/firehol_level1/firehol_level1/domains.list,2021-01-24 11:07:55.867284
103.30.192.0,AVAILABILITY,domains.list,/home/runner/work/firehol_level1/firehol_level1/domains.list,2021-01-24 11:07:59.959713
103.30.212.0,AVAILABILITY,domains.list,/home/runner/work/firehol_level1/firehol_level1/domains.list,2021-01-24 11:08:03.952677
103.31.8.0,AVAILABILITY,domains.list,/home/runner/work/firehol_level1/firehol_level1/domains.list,2021-01-24 11:08:08.074235
103.31.40.0,AVAILABILITY,domains.list,/home/runner/work/firehol_level1/firehol_level1/domains.list,2021-01-24 11:08:12.406335
103.31.116.0,AVAILABILITY,domains.list,/home/runner/work/firehol_level1/firehol_level1/domains.list,2021-01-24 11:08:16.525348
103.32.0.0,AVAILABILITY,domains.list,/home/runner/work/firehol_level1/firehol_level1/domains.list,2021-01-24 11:08:20.491804
103.34.0.0,AVAILABILITY,domains.list,/home/runner/work/firehol_level1/firehol_level1/domains.list,2021-01-24 11:08:24.687159
103.35.114.0,AVAILABILITY,domains.list,/home/runner/work/firehol_level1/firehol_level1/domains.list,2021-01-24 11:08:28.696175
103.35.152.0,AVAILABILITY,domains.list,/home/runner/work/firehol_level1/firehol_level1/domains.list,2021-01-24 11:08:32.791450
103.35.176.0,AVAILABILITY,domains.list,/home/runner/work/firehol_level1/firehol_level1/domains.list,2021-01-24 11:08:36.976317
103.35.216.0,AVAILABILITY,domains.list,/home/runner/work/firehol_level1/firehol_level1/domains.list,2021-01-24 11:08:41.099790
103.35.219.0,AVAILABILITY,domains.list,/home/runner/work/firehol_level1/firehol_level1/domains.list,2021-01-24 11:08:45.072751
103.36.64.0,AVAILABILITY,domains.list,/home/runner/work/firehol_level1/firehol_level1/domains.list,2021-01-24 11:08:49.459348
103.36.70.0,AVAILABILITY,domains.list,/home/runner/work/firehol_level1/firehol_level1/domains.list,2021-01-24 11:08:53.447714
103.36.250.0,AVAILABILITY,domains.list,/home/runner/work/firehol_level1/firehol_level1/domains.list,2021-01-24 11:08:57.782446
103.37.4.0,AVAILABILITY,domains.list,/home/runner/work/firehol_level1/firehol_level1/domains.list,2021-01-24 11:09:02.034465
103.37.22.0,AVAILABILITY,domains.list,/home/runner/work/firehol_level1/firehol_level1/domains.list,2021-01-24 11:09:06.182728
103.37.88.0,AVAILABILITY,domains.list,/home/runner/work/firehol_level1/firehol_level1/domains.list,2021-01-24 11:09:10.257037
103.37.96.0,AVAILABILITY,domains.list,/home/runner/work/firehol_level1/firehol_level1/domains.list,2021-01-24 11:09:14.279354
103.37.98.0,AVAILABILITY,domains.list,/home/runner/work/firehol_level1/firehol_level1/domains.list,2021-01-24 11:09:18.162350
103.37.184.0,AVAILABILITY,domains.list,/home/runner/work/firehol_level1/firehol_level1/domains.list,2021-01-24 11:09:22.398034
103.37.202.0,AVAILABILITY,domains.list,/home/runner/work/firehol_level1/firehol_level1/domains.list,2021-01-24 11:09:26.482875
103.38.8.0,AVAILABILITY,domains.list,/home/runner/work/firehol_level1/firehol_level1/domains.list,2021-01-24 11:09:30.604262
103.38.52.0,AVAILABILITY,domains.list,/home/runner/work/firehol_level1/firehol_level1/domains.list,2021-01-24 11:09:34.618022
103.38.108.0,AVAILABILITY,domains.list,/home/runner/work/firehol_level1/firehol_level1/domains.list,2021-01-24 11:09:38.692404
103.38.180.0,AVAILABILITY,domains.list,/home/runner/work/firehol_level1/firehol_level1/domains.list,2021-01-24 11:09:43.098454
103.38.208.0,AVAILABILITY,domains.list,/home/runner/work/firehol_level1/firehol_level1/domains.list,2021-01-24 11:09:47.148864
103.38.216.0,AVAILABILITY,domains.list,/home/runner/work/firehol_level1/firehol_level1/domains.list,2021-01-24 11:09:51.161941
103.38.220.0,AVAILABILITY,domains.list,/home/runner/work/firehol_level1/firehol_level1/domains.list,2021-01-24 11:09:55.309264
103.38.236.0,AVAILABILITY,domains.list,/home/runner/work/firehol_level1/firehol_level1/domains.list,2021-01-24 11:09:59.536748
103.38.244.0,AVAILABILITY,domains.list,/home/runner/work/firehol_level1/firehol_level1/domains.list,2021-01-24 11:10:03.643319
103.38.248.0,AVAILABILITY,domains.list,/home/runner/work/firehol_level1/firehol_level1/domains.list,2021-01-24 11:10:07.602003
103.39.32.0,AVAILABILITY,domains.list,/home/runner/work/firehol_level1/firehol_level1/domains.list,2021-01-24 11:10:11.750478
103.39.68.0,AVAILABILITY,domains.list,/home/runner/work/firehol_level1/firehol_level1/domains.list,2021-01-24 11:10:15.911444
103.39.72.0,AVAILABILITY,domains.list,/home/runner/work/firehol_level1/firehol_level1/domains.list,2021-01-24 11:10:19.876631
103.39.120.0,AVAILABILITY,domains.list,/home/runner/work/firehol_level1/firehol_level1/domains.list,2021-01-24 11:10:24.215104
103.39.124.0,AVAILABILITY,domains.list,/home/runner/work/firehol_level1/firehol_level1/domains.list,2021-01-24 11:10:28.179055
103.39.144.0,AVAILABILITY,domains.list,/home/runner/work/firehol_level1/firehol_level1/domains.list,2021-01-24 11:10:32.306352
103.39.196.0,AVAILABILITY,domains.list,/home/runner/work/firehol_level1/firehol_level1/domains.list,2021-01-24 11:10:36.447622
103.40.52.0,AVAILABILITY,domains.list,/home/runner/work/firehol_level1/firehol_level1/domains.list,2021-01-24 11:10:40.582355
103.40.156.0,AVAILABILITY,domains.list,/home/runner/work/firehol_level1/firehol_level1/domains.list,2021-01-24 11:10:44.643264
103.40.166.0,AVAILABILITY,domains.list,/home/runner/work/firehol_level1/firehol_level1/domains.list,2021-01-24 11:10:48.610686
103.41.72.0,AVAILABILITY,domains.list,/home/runner/work/firehol_level1/firehol_level1/domains.list,2021-01-24 11:10:52.906545
103.41.92.0,AVAILABILITY,domains.list,/home/runner/work/firehol_level1/firehol_level1/domains.list,2021-01-24 11:10:57.051097
103.41.112.0,AVAILABILITY,domains.list,/home/runner/work/firehol_level1/firehol_level1/domains.list,2021-01-24 11:11:01.135725
103.41.168.0,AVAILABILITY,domains.list,/home/runner/work/firehol_level1/firehol_level1/domains.list,2021-01-24 11:11:05.372282
103.41.248.0,AVAILABILITY,domains.list,/home/runner/work/firehol_level1/firehol_level1/domains.list,2021-01-24 11:11:09.452618
103.42.4.0,AVAILABILITY,domains.list,/home/runner/work/firehol_level1/firehol_level1/domains.list,2021-01-24 11:11:13.536994
103.42.12.0,AVAILABILITY,domains.list,/home/runner/work/firehol_level1/firehol_level1/domains.list,2021-01-24 11:11:17.749258
103.42.18.0,AVAILABILITY,domains.list,/home/runner/work/firehol_level1/firehol_level1/domains.list,2021-01-24 11:11:22.005323
103.42.50.0,AVAILABILITY,domains.list,/home/runner/work/firehol_level1/firehol_level1/domains.list,2021-01-24 11:11:26.119543
103.42.52.0,AVAILABILITY,domains.list,/home/runner/work/firehol_level1/firehol_level1/domains.list,2021-01-24 11:11:30.264262
103.42.60.0,AVAILABILITY,domains.list,/home/runner/work/firehol_level1/firehol_level1/domains.list,2021-01-24 11:11:34.260506
103.42.128.0,AVAILABILITY,domains.list,/home/runner/work/firehol_level1/firehol_level1/domains.list,2021-01-24 11:11:38.421702
103.42.164.0,AVAILABILITY,domains.list,/home/runner/work/firehol_level1/firehol_level1/domains.list,2021-01-24 11:11:42.443762
103.42.200.0,AVAILABILITY,domains.list,/home/runner/work/firehol_level1/firehol_level1/domains.list,2021-01-24 11:11:46.510661
103.42.204.0,AVAILABILITY,domains.list,/home/runner/work/firehol_level1/firehol_level1/domains.list,2021-01-24 11:11:50.652671
103.42.220.0,AVAILABILITY,domains.list,/home/runner/work/firehol_level1/firehol_level1/domains.list,2021-01-24 11:11:54.679044
103.42.228.0,AVAILABILITY,domains.list,/home/runner/work/firehol_level1/firehol_level1/domains.list,2021-01-24 11:11:58.682290
103.42.240.0,AVAILABILITY,domains.list,/home/runner/work/firehol_level1/firehol_level1/domains.list,2021-01-24 11:12:02.584374
103.43.24.0,AVAILABILITY,domains.list,/home/runner/work/firehol_level1/firehol_level1/domains.list,2021-01-24 11:12:06.630072
103.43.60.0,AVAILABILITY,domains.list,/home/runner/work/firehol_level1/firehol_level1/domains.list,2021-01-24 11:12:10.589637
103.43.94.0,AVAILABILITY,domains.list,/home/runner/work/firehol_level1/firehol_level1/domains.list,2021-01-24 11:12:14.789300
103.43.164.0,AVAILABILITY,domains.list,/home/runner/work/firehol_level1/firehol_level1/domains.list,2021-01-24 11:12:18.923594
103.44.8.0,AVAILABILITY,domains.list,/home/runner/work/firehol_level1/firehol_level1/domains.list,2021-01-24 11:12:23.071809
103.44.19.0,AVAILABILITY,domains.list,/home/runner/work/firehol_level1/firehol_level1/domains.list,2021-01-24 11:12:27.063984
103.44.152.0,AVAILABILITY,domains.list,/home/runner/work/firehol_level1/firehol_level1/domains.list,2021-01-24 11:12:31.098117
103.46.4.0,AVAILABILITY,domains.list,/home/runner/work/firehol_level1/firehol_level1/domains.list,2021-01-24 11:12:35.168442
103.46.8.0,AVAILABILITY,domains.list,/home/runner/work/firehol_level1/firehol_level1/domains.list,2021-01-24 11:12:39.063632
103.46.184.0,AVAILABILITY,domains.list,/home/runner/work/firehol_level1/firehol_level1/domains.list,2021-01-24 11:12:43.320881
103.46.199.0,AVAILABILITY,domains.list,/home/runner/work/firehol_level1/firehol_level1/domains.list,2021-01-24 11:12:47.455270
103.47.8.0,AVAILABILITY,domains.list,/home/runner/work/firehol_level1/firehol_level1/domains.list,2021-01-24 11:12:51.549076
103.47.100.0,AVAILABILITY,domains.list,/home/runner/work/firehol_level1/firehol_level1/domains.list,2021-01-24 11:12:55.605858
103.47.128.0,AVAILABILITY,domains.list,/home/runner/work/firehol_level1/firehol_level1/domains.list,2021-01-24 11:12:59.796620
103.47.180.0,AVAILABILITY,domains.list,/home/runner/work/firehol_level1/firehol_level1/domains.list,2021-01-24 11:13:03.759405
103.48.40.0,AVAILABILITY,domains.list,/home/runner/work/firehol_level1/firehol_level1/domains.list,2021-01-24 11:13:07.910119
103.48.117.0,AVAILABILITY,domains.list,/home/runner/work/firehol_level1/firehol_level1/domains.list,2021-01-24 11:13:11.985633
103.48.160.0,AVAILABILITY,domains.list,/home/runner/work/firehol_level1/firehol_level1/domains.list,2021-01-24 11:13:16.060171
103.48.200.0,AVAILABILITY,domains.list,/home/runner/work/firehol_level1/firehol_level1/domains.list,2021-01-24 11:13:19.992071
103.49.48.0,AVAILABILITY,domains.list,/home/runner/work/firehol_level1/firehol_level1/domains.list,2021-01-24 11:13:23.901136
103.49.70.0,AVAILABILITY,domains.list,/home/runner/work/firehol_level1/firehol_level1/domains.list,2021-01-24 11:13:27.824492
103.49.100.0,AVAILABILITY,domains.list,/home/runner/work/firehol_level1/firehol_level1/domains.list,2021-01-24 11:13:32.102707
103.49.112.0,AVAILABILITY,domains.list,/home/runner/work/firehol_level1/firehol_level1/domains.list,2021-01-24 11:13:36.295877
103.49.124.0,AVAILABILITY,domains.list,/home/runner/work/firehol_level1/firehol_level1/domains.list,2021-01-24 11:13:40.266186
103.49.146.0,AVAILABILITY,domains.list,/home/runner/work/firehol_level1/firehol_level1/domains.list,2021-01-24 11:13:44.173417
103.49.150.0,AVAILABILITY,domains.list,/home/runner/work/firehol_level1/firehol_level1/domains.list,2021-01-24 11:13:48.302071
103.49.164.0,AVAILABILITY,domains.list,/home/runner/work/firehol_level1/firehol_level1/domains.list,2021-01-24 11:13:52.383438
103.49.236.0,AVAILABILITY,domains.list,/home/runner/work/firehol_level1/firehol_level1/domains.list,2021-01-24 11:13:56.674392
103.50.20.0,AVAILABILITY,domains.list,/home/runner/work/firehol_level1/firehol_level1/domains.list,2021-01-24 11:14:00.683908
103.50.149.0,AVAILABILITY,domains.list,/home/runner/work/firehol_level1/firehol_level1/domains.list,2021-01-24 11:14:04.795425
103.51.62.0,AVAILABILITY,domains.list,/home/runner/work/firehol_level1/firehol_level1/domains.list,2021-01-24 11:14:08.821012
103.51.84.0,AVAILABILITY,domains.list,/home/runner/work/firehol_level1/firehol_level1/domains.list,2021-01-24 11:14:12.794942
103.51.88.0,AVAILABILITY,domains.list,/home/runner/work/firehol_level1/firehol_level1/domains.list,2021-01-24 11:14:16.864158
103.51.96.0,AVAILABILITY,domains.list,/home/runner/work/firehol_level1/firehol_level1/domains.list,2021-01-24 11:14:20.885849
103.51.104.0,AVAILABILITY,domains.list,/home/runner/work/firehol_level1/firehol_level1/domains.list,2021-01-24 11:14:25.039785
103.51.120.0,AVAILABILITY,domains.list,/home/runner/work/firehol_level1/firehol_level1/domains.list,2021-01-24 11:14:29.154934
103.51.129.0,AVAILABILITY,domains.list,/home/runner/work/firehol_level1/firehol_level1/domains.list,2021-01-24 11:14:33.282426
103.51.204.0,AVAILABILITY,domains.list,/home/runner/work/firehol_level1/firehol_level1/domains.list,2021-01-24 11:14:37.406500
103.52.4.0,AVAILABILITY,domains.list,/home/runner/work/firehol_level1/firehol_level1/domains.list,2021-01-24 11:14:41.548590
103.52.6.0,AVAILABILITY,domains.list,/home/runner/work/firehol_level1/firehol_level1/domains.list,2021-01-24 11:14:45.646424
103.52.63.0,AVAILABILITY,domains.list,/home/runner/work/firehol_level1/firehol_level1/domains.list,2021-01-24 11:14:49.784302
103.52.108.0,AVAILABILITY,domains.list,/home/runner/work/firehol_level1/firehol_level1/domains.list,2021-01-24 11:14:53.894498
103.52.112.0,AVAILABILITY,domains.list,/home/runner/work/firehol_level1/firehol_level1/domains.list,2021-01-24 11:14:58.134144
103.52.133.0,AVAILABILITY,domains.list,/home/runner/work/firehol_level1/firehol_level1/domains.list,2021-01-24 11:15:02.134564
103.53.28.0,AVAILABILITY,domains.list,/home/runner/work/firehol_level1/firehol_level1/domains.list,2021-01-24 11:15:06.443248
103.53.156.0,AVAILABILITY,domains.list,/home/runner/work/firehol_level1/firehol_level1/domains.list,2021-01-24 11:15:10.512633
103.53.160.0,AVAILABILITY,domains.list,/home/runner/work/firehol_level1/firehol_level1/domains.list,2021-01-24 11:15:14.504891
103.54.76.0,AVAILABILITY,domains.list,/home/runner/work/firehol_level1/firehol_level1/domains.list,2021-01-24 11:15:18.600609
103.54.80.0,AVAILABILITY,domains.list,/home/runner/work/firehol_level1/firehol_level1/domains.list,2021-01-24 11:15:22.745107
103.54.108.0,AVAILABILITY,domains.list,/home/runner/work/firehol_level1/firehol_level1/domains.list,2021-01-24 11:15:26.677216
103.54.168.0,AVAILABILITY,domains.list,/home/runner/work/firehol_level1/firehol_level1/domains.list,2021-01-24 11:15:30.615387
103.54.176.0,AVAILABILITY,domains.list,/home/runner/work/firehol_level1/firehol_level1/domains.list,2021-01-24 11:15:34.730847
103.54.228.0,AVAILABILITY,domains.list,/home/runner/work/firehol_level1/firehol_level1/domains.list,2021-01-24 11:15:38.712045
103.55.4.0,AVAILABILITY,domains.list,/home/runner/work/firehol_level1/firehol_level1/domains.list,2021-01-24 11:15:42.675950
103.55.20.0,AVAILABILITY,domains.list,/home/runner/work/firehol_level1/firehol_level1/domains.list,2021-01-24 11:15:46.876220
103.55.178.0,AVAILABILITY,domains.list,/home/runner/work/firehol_level1/firehol_level1/domains.list,2021-01-24 11:15:51.083550
103.55.224.0,AVAILABILITY,domains.list,/home/runner/work/firehol_level1/firehol_level1/domains.list,2021-01-24 11:15:55.045647
103.55.240.0,AVAILABILITY,domains.list,/home/runner/work/firehol_level1/firehol_level1/domains.list,2021-01-24 11:15:59.137643
103.55.248.0,AVAILABILITY,domains.list,/home/runner/work/firehol_level1/firehol_level1/domains.list,2021-01-24 11:16:03.058939
103.56.0.0,AVAILABILITY,domains.list,/home/runner/work/firehol_level1/firehol_level1/domains.list,2021-01-24 11:16:07.028468
103.56.80.0,AVAILABILITY,domains.list,/home/runner/work/firehol_level1/firehol_level1/domains.list,2021-01-24 11:16:11.306242
103.56.92.0,AVAILABILITY,domains.list,/home/runner/work/firehol_level1/firehol_level1/domains.list,2021-01-24 11:16:15.198577
103.57.64.0,AVAILABILITY,domains.list,/home/runner/work/firehol_level1/firehol_level1/domains.list,2021-01-24 11:16:19.240749
103.57.96.0,AVAILABILITY,domains.list,/home/runner/work/firehol_level1/firehol_level1/domains.list,2021-01-24 11:16:23.410527
103.57.116.0,AVAILABILITY,domains.list,/home/runner/work/firehol_level1/firehol_level1/domains.list,2021-01-24 11:16:27.569955
103.57.128.0,AVAILABILITY,domains.list,/home/runner/work/firehol_level1/firehol_level1/domains.list,2021-01-24 11:16:31.802858
103.57.224.0,AVAILABILITY,domains.list,/home/runner/work/firehol_level1/firehol_level1/domains.list,2021-01-24 11:16:35.920661
103.58.119.0,AVAILABILITY,domains.list,/home/runner/work/firehol_level1/firehol_level1/domains.list,2021-01-24 11:16:40.028773
103.58.180.0,AVAILABILITY,domains.list,/home/runner/work/firehol_level1/firehol_level1/domains.list,2021-01-24 11:16:44.185275
103.58.196.0,AVAILABILITY,domains.list,/home/runner/work/firehol_level1/firehol_level1/domains.list,2021-01-24 11:16:48.504794
103.59.92.0,AVAILABILITY,domains.list,/home/runner/work/firehol_level1/firehol_level1/domains.list,2021-01-24 11:16:53.315342
103.59.160.0,AVAILABILITY,domains.list,/home/runner/work/firehol_level1/firehol_level1/domains.list,2021-01-24 11:16:57.565949
103.59.168.0,AVAILABILITY,domains.list,/home/runner/work/firehol_level1/firehol_level1/domains.list,2021-01-24 11:17:01.804933
103.59.216.0,AVAILABILITY,domains.list,/home/runner/work/firehol_level1/firehol_level1/domains.list,2021-01-24 11:17:05.875030
103.60.4.0,AVAILABILITY,domains.list,/home/runner/work/firehol_level1/firehol_level1/domains.list,2021-01-24 11:17:10.107436
103.60.88.0,AVAILABILITY,domains.list,/home/runner/work/firehol_level1/firehol_level1/domains.list,2021-01-24 11:17:14.252433
103.60.97.0,AVAILABILITY,domains.list,/home/runner/work/firehol_level1/firehol_level1/domains.list,2021-01-24 11:17:18.250658
103.60.188.0,AVAILABILITY,domains.list,/home/runner/work/firehol_level1/firehol_level1/domains.list,2021-01-24 11:17:22.392739
103.60.204.0,AVAILABILITY,domains.list,/home/runner/work/firehol_level1/firehol_level1/domains.list,2021-01-24 11:17:26.644532
103.60.240.0,AVAILABILITY,domains.list,/home/runner/work/firehol_level1/firehol_level1/domains.list,2021-01-24 11:17:30.630004
103.61.4.0,AVAILABILITY,domains.list,/home/runner/work/firehol_level1/firehol_level1/domains.list,2021-01-24 11:17:34.549313
103.61.16.0,AVAILABILITY,domains.list,/home/runner/work/firehol_level1/firehol_level1/domains.list,2021-01-24 11:17:38.610430
103.61.40.0,AVAILABILITY,domains.list,/home/runner/work/firehol_level1/firehol_level1/domains.list,2021-01-24 11:17:42.661152
103.61.120.0,AVAILABILITY,domains.list,/home/runner/work/firehol_level1/firehol_level1/domains.list,2021-01-24 11:17:46.676422
103.61.224.0,AVAILABILITY,domains.list,/home/runner/work/firehol_level1/firehol_level1/domains.list,2021-01-24 11:17:50.677381
103.61.232.0,AVAILABILITY,domains.list,/home/runner/work/firehol_level1/firehol_level1/domains.list,2021-01-24 11:17:54.987598
103.62.148.0,AVAILABILITY,domains.list,/home/runner/work/firehol_level1/firehol_level1/domains.list,2021-01-24 11:17:58.957563
103.63.24.0,AVAILABILITY,domains.list,/home/runner/work/firehol_level1/firehol_level1/domains.list,2021-01-24 11:18:03.029509
103.63.101.0,AVAILABILITY,domains.list,/home/runner/work/firehol_level1/firehol_level1/domains.list,2021-01-24 11:18:07.039428
103.63.191.0,AVAILABILITY,domains.list,/home/runner/work/firehol_level1/firehol_level1/domains.list,2021-01-24 11:18:11.149384
103.63.232.0,AVAILABILITY,domains.list,/home/runner/work/firehol_level1/firehol_level1/domains.list,2021-01-24 11:18:15.185199
103.64.128.0,AVAILABILITY,domains.list,/home/runner/work/firehol_level1/firehol_level1/domains.list,2021-01-24 11:18:19.167591
103.65.116.0,AVAILABILITY,domains.list,/home/runner/work/firehol_level1/firehol_level1/domains.list,2021-01-24 11:18:23.132626
103.65.120.0,AVAILABILITY,domains.list,/home/runner/work/firehol_level1/firehol_level1/domains.list,2021-01-24 11:18:27.267726
103.65.128.0,AVAILABILITY,domains.list,/home/runner/work/firehol_level1/firehol_level1/domains.list,2021-01-24 11:18:31.161602
103.65.204.0,AVAILABILITY,domains.list,/home/runner/work/firehol_level1/firehol_level1/domains.list,2021-01-24 11:18:35.327406
103.65.220.0,AVAILABILITY,domains.list,/home/runner/work/firehol_level1/firehol_level1/domains.list,2021-01-24 11:18:39.454663
103.65.224.0,AVAILABILITY,domains.list,/home/runner/work/firehol_level1/firehol_level1/domains.list,2021-01-24 11:18:43.442555
103.65.240.0,AVAILABILITY,domains.list,/home/runner/work/firehol_level1/firehol_level1/domains.list,2021-01-24 11:18:47.348081
103.65.248.0,AVAILABILITY,domains.list,/home/runner/work/firehol_level1/firehol_level1/domains.list,2021-01-24 11:18:51.366969
103.66.38.0,AVAILABILITY,domains.list,/home/runner/work/firehol_level1/firehol_level1/domains.list,2021-01-24 11:18:55.505067
103.66.60.0,AVAILABILITY,domains.list,/home/runner/work/firehol_level1/firehol_level1/domains.list,2021-01-24 11:18:59.660665
103.66.168.0,AVAILABILITY,domains.list,/home/runner/work/firehol_level1/firehol_level1/domains.list,2021-01-24 11:19:03.749205
103.66.170.0,AVAILABILITY,domains.list,/home/runner/work/firehol_level1/firehol_level1/domains.list,2021-01-24 11:19:07.800560
103.66.228.0,AVAILABILITY,domains.list,/home/runner/work/firehol_level1/firehol_level1/domains.list,2021-01-24 11:19:11.796048
103.66.236.0,AVAILABILITY,domains.list,/home/runner/work/firehol_level1/firehol_level1/domains.list,2021-01-24 11:19:16.016674
103.67.24.0,AVAILABILITY,domains.list,/home/runner/work/firehol_level1/firehol_level1/domains.list,2021-01-24 11:19:20.010655
103.67.40.0,AVAILABILITY,domains.list,/home/runner/work/firehol_level1/firehol_level1/domains.list,2021-01-24 11:19:23.973180
103.67.48.0,AVAILABILITY,domains.list,/home/runner/work/firehol_level1/firehol_level1/domains.list,2021-01-24 11:19:27.938579
103.67.64.0,AVAILABILITY,domains.list,/home/runner/work/firehol_level1/firehol_level1/domains.list,2021-01-24 11:19:31.901378
103.67.96.0,AVAILABILITY,domains.list,/home/runner/work/firehol_level1/firehol_level1/domains.list,2021-01-24 11:19:36.006454
103.67.160.0,AVAILABILITY,domains.list,/home/runner/work/firehol_level1/firehol_level1/domains.list,2021-01-24 11:19:40.025188
103.67.184.0,AVAILABILITY,domains.list,/home/runner/work/firehol_level1/firehol_level1/domains.list,2021-01-24 11:19:44.013910
103.68.24.0,AVAILABILITY,domains.list,/home/runner/work/firehol_level1/firehol_level1/domains.list,2021-01-24 11:19:48.090455
